age,annual_income,loan_amount,credit_history_years,existing_loans,credit_score,debt_to_income_ratio,employment_type,late_payments_last_year,defaulted
26,303193.0,412546.0,11,2,561.0,0.427,Salaried,0,0
26,645357.0,72163.0,16,1,767.0,0.075,Salaried,0,0
56,511056.0,350104.0,20,0,601.0,0.082,Self-Employed,0,0
42,712209.0,407219.0,24,3,714.0,0.237,Salaried,0,1
46,641870.0,323215.0,21,1,900.0,0.123,Self-Employed,0,0
47,297179.0,325416.0,1,1,604.0,0.266,Business Owner,0,0
52,194576.0,490279.0,14,4,533.0,1.125,Salaried,0,1
22,378662.0,334832.0,17,3,639.0,0.423,Salaried,0,1
42,764100.0,297885.0,23,1,671.0,0.099,Salaried,0,0
27,695405.0,250618.0,5,2,815.0,0.158,Salaried,1,0
38,690541.0,399522.0,13,0,720.0,0.069,Business Owner,1,0
61,157541.0,257456.0,11,1,773.0,0.45,Salaried,2,0
45,150000.0,399735.0,5,0,624.0,0.32,Self-Employed,0,0
24,464417.0,316144.0,21,3,679.0,0.34,Salaried,0,1
44,528374.0,471361.0,23,1,705.0,0.183,Business Owner,2,0
26,468735.0,181579.0,24,2,614.0,0.217,Salaried,0,0
54,679425.0,312173.0,14,3,705.0,0.232,Self-Employed,2,0
62,563684.0,353490.0,5,3,659.0,0.288,Salaried,0,0
64,340347.0,363137.0,2,0,700.0,0.128,Salaried,1,1
48,407600.0,471432.0,21,0,570.0,0.139,Self-Employed,0,0
59,632586.0,360162.0,15,4,518.0,0.321,Business Owner,0,0
37,617027.0,437124.0,3,2,792.0,0.215,Salaried,1,1
27,584641.0,596244.0,2,0,686.0,0.122,Salaried,0,0
43,1099745.0,427747.0,7,2,675.0,0.119,Salaried,0,0
40,543068.0,141354.0,13,2,890.0,0.179,Salaried,1,0
50,627233.0,85761.0,5,2,764.0,0.144,Salaried,0,0
64,381613.0,401559.0,2,4,719.0,0.546,Salaried,0,1
33,521674.0,243909.0,24,1,630.0,0.133,Salaried,1,0
58,715929.0,344427.0,12,4,713.0,0.281,Salaried,0,1
27,725290.0,274502.0,2,0,703.0,0.045,Self-Employed,0,0
36,565825.0,497380.0,13,0,664.0,0.105,Salaried,0,0
55,687282.0,481110.0,20,2,799.0,0.2,Business Owner,0,0
31,612448.0,130955.0,23,1,745.0,0.091,Business Owner,3,0
50,186357.0,341668.0,13,3,730.0,0.864,Salaried,0,1
41,150000.0,255279.0,20,3,619.0,1.004,Salaried,0,1
43,1108458.0,103539.0,18,2,629.0,0.083,Self-Employed,2,0
62,782802.0,397894.0,13,1,774.0,0.112,Salaried,1,0
56,587512.0,278886.0,2,1,704.0,0.125,Salaried,0,0
57,217632.0,367085.0,13,3,641.0,0.754,Self-Employed,0,1
45,319395.0,672855.0,11,0,711.0,0.253,Salaried,0,0
64,898300.0,500147.0,0,0,688.0,0.067,Self-Employed,0,0
64,150000.0,466421.0,13,1,651.0,0.64,Business Owner,0,1
26,528647.0,239106.0,15,3,672.0,0.281,Salaried,3,1
29,791084.0,122673.0,7,1,747.0,0.069,Salaried,0,0
34,631511.0,488028.0,0,4,713.0,0.346,Self-Employed,1,0
45,766054.0,254790.0,16,0,617.0,0.04,Salaried,1,0
57,571125.0,307062.0,1,0,627.0,0.065,Salaried,0,0
42,1126559.0,243787.0,2,2,709.0,0.097,Salaried,1,0
64,373841.0,315350.0,11,2,602.0,0.315,Salaried,0,0
36,300310.0,662012.0,2,1,696.0,0.398,Salaried,0,1
61,660397.0,252930.0,4,4,676.0,0.288,Salaried,0,0
47,914508.0,257835.0,16,2,582.0,0.121,Business Owner,1,0
52,587704.0,330625.0,2,2,493.0,0.204,Salaried,1,0
31,830781.0,342957.0,6,4,618.0,0.242,Salaried,1,0
47,483216.0,119688.0,2,4,684.0,0.361,Salaried,1,0
56,339240.0,33253.0,21,1,684.0,0.13,Salaried,0,1
60,907983.0,212250.0,12,2,785.0,0.116,Business Owner,2,0
59,945117.0,267588.0,14,3,685.0,0.161,Self-Employed,0,0
63,937288.0,181082.0,15,4,678.0,0.194,Salaried,0,0
26,503584.0,148567.0,22,0,714.0,0.035,Salaried,0,0
55,345854.0,157472.0,22,3,649.0,0.402,Business Owner,2,1
41,342738.0,239050.0,21,1,822.0,0.2,Salaried,2,0
51,550580.0,279981.0,15,4,638.0,0.352,Salaried,1,1
33,728136.0,52847.0,17,4,615.0,0.228,Self-Employed,1,1
21,712018.0,215005.0,13,3,643.0,0.205,Business Owner,0,0
24,284431.0,350512.0,24,3,780.0,0.57,Salaried,1,1
63,642938.0,278319.0,3,1,638.0,0.114,Business Owner,0,0
60,603901.0,92761.0,6,3,622.0,0.217,Self-Employed,0,1
34,619828.0,243078.0,3,4,730.0,0.305,Self-Employed,0,0
39,594787.0,293571.0,14,4,777.0,0.328,Salaried,1,0
31,555578.0,411695.0,12,2,649.0,0.233,Salaried,1,0
27,730521.0,52295.0,3,4,738.0,0.228,Self-Employed,1,1
58,627909.0,398777.0,8,3,630.0,0.267,Self-Employed,0,0
50,649590.0,226651.0,17,4,794.0,0.288,Business Owner,0,0
24,448034.0,326397.0,10,2,597.0,0.266,Salaried,1,0
29,687071.0,398206.0,20,3,660.0,0.244,Salaried,0,0
45,573347.0,165173.0,12,0,648.0,0.035,Business Owner,0,0
60,150000.0,174687.0,22,4,608.0,1.206,Salaried,0,1
64,706394.0,278467.0,24,2,676.0,0.161,Self-Employed,0,0
30,541854.0,404145.0,13,1,735.0,0.163,Business Owner,2,0
47,803782.0,213725.0,19,4,616.0,0.231,Salaried,1,0
22,564338.0,83313.0,23,2,834.0,0.159,Salaried,2,0
28,578937.0,190749.0,4,1,701.0,0.109,Business Owner,0,0
29,646572.0,352353.0,9,0,708.0,0.065,Business Owner,1,0
40,597392.0,468452.0,0,0,620.0,0.094,Self-Employed,0,0
36,501675.0,218628.0,8,0,676.0,0.052,Salaried,0,0
52,205496.0,245783.0,4,4,752.0,0.922,Salaried,0,1
41,1005391.0,267391.0,18,1,601.0,0.072,Salaried,2,0
35,252667.0,273914.0,3,2,626.0,0.447,Salaried,0,0
60,524865.0,152195.0,22,1,615.0,0.111,Salaried,0,1
48,743690.0,227752.0,10,0,576.0,0.037,Business Owner,0,1
51,683604.0,325898.0,2,3,731.0,0.233,Self-Employed,1,0
53,724799.0,309027.0,3,0,616.0,0.051,Business Owner,0,0
35,769222.0,296872.0,12,2,812.0,0.15,Salaried,0,0
60,877942.0,143084.0,6,4,580.0,0.202,Salaried,1,0
21,665402.0,211324.0,11,0,653.0,0.038,Salaried,1,0
34,1239461.0,186829.0,5,2,684.0,0.083,Salaried,0,0
28,377049.0,450506.0,0,2,601.0,0.356,Self-Employed,0,1
21,650023.0,510664.0,7,1,509.0,0.156,Salaried,0,0
64,520612.0,344579.0,2,1,628.0,0.156,Salaried,2,0
24,480070.0,531685.0,19,2,679.0,0.3,Business Owner,0,0
41,663198.0,249729.0,20,3,604.0,0.226,Self-Employed,0,1
57,920813.0,250450.0,17,3,702.0,0.163,Salaried,0,0
51,443754.0,100045.0,23,3,532.0,0.297,Salaried,0,0
58,443590.0,328155.0,16,3,704.0,0.359,Business Owner,0,0
23,759388.0,225966.0,14,4,848.0,0.246,Salaried,1,0
42,719679.0,307734.0,17,3,757.0,0.218,Self-Employed,0,0
22,1030707.0,366689.0,6,4,760.0,0.198,Salaried,2,0
29,826134.0,257975.0,2,4,652.0,0.231,Salaried,2,0
58,650510.0,126714.0,24,2,646.0,0.146,Self-Employed,0,0
24,527538.0,287592.0,8,3,770.0,0.293,Business Owner,1,1
46,647358.0,283527.0,10,1,654.0,0.114,Salaried,0,1
21,561452.0,298591.0,3,0,732.0,0.064,Self-Employed,1,0
34,299680.0,395029.0,3,2,602.0,0.425,Salaried,0,1
62,601812.0,262672.0,12,2,711.0,0.185,Salaried,1,0
34,561473.0,254905.0,19,1,694.0,0.126,Salaried,0,0
34,548841.0,552841.0,6,0,502.0,0.121,Self-Employed,2,1
24,505552.0,454768.0,17,2,671.0,0.266,Business Owner,0,1
55,971815.0,281619.0,24,4,726.0,0.199,Self-Employed,0,0
28,753179.0,156286.0,17,3,723.0,0.184,Salaried,0,0
42,806110.0,229169.0,16,0,710.0,0.034,Business Owner,0,0
22,466312.0,352370.0,9,3,783.0,0.348,Self-Employed,0,0
21,375023.0,421217.0,2,2,675.0,0.348,Salaried,0,0
57,537766.0,653937.0,7,2,619.0,0.295,Salaried,1,0
21,653696.0,259924.0,0,3,753.0,0.231,Self-Employed,1,0
41,524028.0,319441.0,5,1,850.0,0.149,Self-Employed,0,0
39,558590.0,244121.0,20,3,653.0,0.267,Salaried,1,0
26,811512.0,309274.0,15,0,802.0,0.046,Salaried,0,0
49,665829.0,240648.0,8,1,666.0,0.103,Business Owner,0,1
53,383517.0,138954.0,7,4,561.0,0.461,Self-Employed,1,0
64,505840.0,449772.0,16,4,609.0,0.423,Self-Employed,0,1
29,455341.0,317192.0,18,4,611.0,0.435,Salaried,0,1
61,639806.0,489180.0,3,3,774.0,0.279,Salaried,0,1
23,343205.0,223820.0,22,3,689.0,0.428,Salaried,0,0
27,560676.0,337821.0,19,2,636.0,0.215,Salaried,0,0
47,752381.0,396566.0,21,4,691.0,0.276,Salaried,1,0
59,606319.0,20552.0,7,1,793.0,0.07,Self-Employed,2,0
60,398947.0,103506.0,0,0,674.0,0.031,Business Owner,0,0
53,464389.0,410971.0,3,3,622.0,0.365,Self-Employed,0,1
22,627357.0,314635.0,16,3,709.0,0.251,Self-Employed,0,1
39,706278.0,27572.0,12,3,613.0,0.175,Self-Employed,1,0
56,784155.0,190586.0,1,1,721.0,0.08,Salaried,2,0
44,568053.0,144383.0,7,4,760.0,0.312,Salaried,1,1
29,310205.0,228855.0,7,4,695.0,0.604,Self-Employed,0,1
50,913498.0,529694.0,8,0,646.0,0.07,Salaried,0,0
25,665535.0,215748.0,7,2,690.0,0.159,Salaried,0,0
51,689336.0,601528.0,21,1,567.0,0.163,Salaried,0,1
21,667214.0,263896.0,13,2,806.0,0.167,Salaried,1,0
36,371752.0,192598.0,24,2,870.0,0.277,Self-Employed,0,1
33,529753.0,533793.0,1,1,682.0,0.196,Salaried,0,0
62,656597.0,442222.0,6,4,515.0,0.325,Self-Employed,1,0
52,827178.0,506420.0,5,2,626.0,0.17,Business Owner,1,0
49,613240.0,590438.0,13,0,564.0,0.116,Salaried,0,0
42,150000.0,460218.0,23,4,530.0,1.435,Self-Employed,2,1
33,546903.0,484028.0,18,4,669.0,0.399,Self-Employed,0,0
58,677584.0,48292.0,0,4,667.0,0.245,Self-Employed,2,0
62,884656.0,181139.0,11,1,630.0,0.07,Salaried,1,0
30,756490.0,369156.0,8,1,769.0,0.111,Salaried,0,0
31,1147846.0,334241.0,6,2,683.0,0.105,Self-Employed,1,0
34,913355.0,410999.0,12,4,602.0,0.229,Salaried,0,0
41,896486.0,233864.0,13,4,713.0,0.21,Salaried,0,1
32,807413.0,469568.0,2,4,579.0,0.268,Self-Employed,1,0
38,295864.0,604297.0,23,3,652.0,0.651,Salaried,1,0
64,786351.0,392161.0,7,2,613.0,0.162,Salaried,0,0
37,731887.0,429827.0,23,4,704.0,0.289,Salaried,0,0
62,484275.0,381229.0,15,2,658.0,0.26,Salaried,0,1
43,729062.0,443991.0,2,0,633.0,0.073,Salaried,0,0
35,691975.0,338358.0,8,4,701.0,0.29,Salaried,0,0
62,497696.0,232027.0,8,4,718.0,0.377,Salaried,2,0
40,572854.0,336165.0,13,3,700.0,0.28,Self-Employed,0,0
55,542075.0,323117.0,16,2,770.0,0.219,Self-Employed,0,0
34,650705.0,80570.0,23,2,596.0,0.138,Salaried,1,0
64,506593.0,341842.0,18,1,712.0,0.16,Self-Employed,2,0
53,719881.0,311136.0,2,4,814.0,0.274,Business Owner,1,0
59,178131.0,338048.0,9,1,681.0,0.452,Salaried,0,1
22,537976.0,225856.0,16,2,503.0,0.199,Business Owner,0,0
25,229369.0,378691.0,1,1,758.0,0.373,Salaried,0,0
23,493762.0,399759.0,0,3,664.0,0.34,Salaried,0,0
44,713726.0,202225.0,12,0,732.0,0.034,Salaried,4,0
38,604755.0,354952.0,9,4,702.0,0.335,Business Owner,3,1
64,575660.0,422711.0,9,1,730.0,0.158,Business Owner,1,0
31,615134.0,417154.0,17,1,778.0,0.146,Salaried,0,0
28,945290.0,170033.0,22,0,690.0,0.022,Salaried,1,0
58,356625.0,154542.0,23,4,743.0,0.501,Salaried,3,1
34,795301.0,309661.0,15,2,576.0,0.147,Self-Employed,1,1
53,267229.0,150243.0,11,0,608.0,0.067,Salaried,0,0
33,497163.0,675936.0,10,2,670.0,0.324,Salaried,0,1
45,635991.0,184291.0,15,2,807.0,0.161,Salaried,1,0
24,412630.0,185920.0,1,1,614.0,0.151,Self-Employed,0,1
50,645130.0,399224.0,12,3,652.0,0.26,Self-Employed,0,0
61,760312.0,233172.0,23,3,733.0,0.195,Self-Employed,0,0
51,337377.0,20000.0,2,4,638.0,0.481,Salaried,0,1
59,582978.0,279961.0,0,3,576.0,0.263,Salaried,0,0
55,517155.0,154615.0,2,1,522.0,0.113,Salaried,0,0
45,173116.0,222666.0,5,4,743.0,1.079,Self-Employed,0,1
61,558844.0,60252.0,13,4,589.0,0.299,Salaried,0,0
42,424490.0,164901.0,17,4,708.0,0.424,Salaried,1,1
27,894599.0,273877.0,21,3,721.0,0.171,Salaried,0,0
45,407376.0,286024.0,18,1,600.0,0.182,Business Owner,0,1
48,973884.0,131682.0,6,4,716.0,0.181,Salaried,0,0
28,482642.0,189877.0,5,4,508.0,0.379,Salaried,0,1
27,1026392.0,169188.0,18,1,671.0,0.059,Salaried,1,0
50,718666.0,315667.0,6,0,596.0,0.053,Business Owner,1,0
40,699846.0,272301.0,15,2,698.0,0.161,Salaried,0,0
42,777257.0,108872.0,12,1,696.0,0.068,Salaried,0,0
55,798508.0,388746.0,8,2,694.0,0.159,Salaried,0,0
51,908724.0,189783.0,20,1,729.0,0.069,Business Owner,2,0
60,981196.0,350509.0,16,4,628.0,0.206,Salaried,0,1
28,523723.0,156900.0,2,3,564.0,0.265,Business Owner,0,0
54,324970.0,336359.0,1,4,580.0,0.617,Salaried,0,0
44,150000.0,274353.0,21,2,760.0,0.753,Salaried,0,1
22,514804.0,300013.0,6,0,596.0,0.07,Business Owner,2,0
24,767255.0,366256.0,6,4,652.0,0.266,Salaried,0,0
36,683240.0,356527.0,9,4,708.0,0.297,Salaried,2,0
49,625341.0,315970.0,11,0,667.0,0.061,Self-Employed,1,1
28,522957.0,315606.0,16,1,600.0,0.149,Self-Employed,1,0
44,459202.0,103168.0,18,2,510.0,0.201,Self-Employed,0,0
64,537592.0,280989.0,0,2,755.0,0.212,Salaried,1,0
27,685575.0,20000.0,9,0,633.0,0.004,Business Owner,2,1
27,211786.0,20000.0,1,0,549.0,0.011,Salaried,0,1
63,760363.0,245099.0,24,3,628.0,0.197,Self-Employed,0,1
31,279139.0,258258.0,23,2,683.0,0.398,Self-Employed,1,0
59,565185.0,512588.0,21,2,522.0,0.25,Salaried,1,1
36,460406.0,389870.0,13,4,691.0,0.449,Salaried,0,1
54,518703.0,455559.0,8,3,680.0,0.337,Self-Employed,0,0
23,369493.0,245827.0,22,2,716.0,0.296,Business Owner,0,0
48,345741.0,357398.0,12,4,680.0,0.587,Self-Employed,1,1
59,548658.0,464347.0,24,0,599.0,0.102,Business Owner,1,0
35,360633.0,370551.0,9,4,548.0,0.567,Business Owner,1,1
48,1140159.0,345050.0,4,4,663.0,0.177,Business Owner,1,0
30,507373.0,308312.0,8,3,637.0,0.309,Business Owner,0,0
28,454444.0,157126.0,9,2,802.0,0.218,Salaried,1,0
21,477801.0,161284.0,2,3,656.0,0.292,Self-Employed,0,1
42,362892.0,81838.0,24,0,712.0,0.027,Salaried,0,0
43,150000.0,354536.0,18,1,684.0,0.55,Business Owner,2,1
24,542246.0,254236.0,0,3,538.0,0.278,Salaried,1,1
31,666809.0,194660.0,18,1,739.0,0.095,Self-Employed,0,0
47,267637.0,347452.0,24,0,642.0,0.156,Self-Employed,0,1
37,599668.0,210067.0,10,3,563.0,0.242,Salaried,2,1
31,332289.0,449938.0,24,3,712.0,0.524,Self-Employed,0,0
21,590549.0,578067.0,9,4,778.0,0.388,Business Owner,2,0
22,677421.0,362512.0,18,2,669.0,0.182,Self-Employed,1,0
49,705166.0,193637.0,4,1,656.0,0.09,Self-Employed,0,0
26,694074.0,74445.0,9,1,627.0,0.071,Salaried,1,1
58,443386.0,594138.0,19,4,644.0,0.522,Salaried,0,1
45,791906.0,363034.0,16,2,767.0,0.156,Self-Employed,1,0
32,499681.0,122191.0,24,2,685.0,0.189,Self-Employed,0,1
49,675228.0,455494.0,0,1,712.0,0.14,Business Owner,0,0
28,753223.0,49478.0,9,2,724.0,0.114,Salaried,0,0
35,531275.0,231208.0,8,2,444.0,0.203,Salaried,1,1
42,315580.0,261328.0,0,1,691.0,0.226,Business Owner,0,0
49,733120.0,243246.0,0,2,724.0,0.149,Salaried,0,0
27,352346.0,127754.0,8,3,696.0,0.384,Salaried,0,0
36,402077.0,651867.0,10,2,559.0,0.394,Salaried,0,0
25,355522.0,237785.0,11,4,615.0,0.53,Self-Employed,2,1
26,783455.0,353729.0,17,0,732.0,0.054,Salaried,1,0
30,562155.0,302126.0,8,3,711.0,0.278,Salaried,0,0
34,150000.0,59609.0,0,2,714.0,0.581,Salaried,0,1
60,759709.0,215561.0,17,1,586.0,0.087,Salaried,1,0
38,1053617.0,328137.0,22,4,700.0,0.189,Salaried,1,1
25,994019.0,435381.0,0,3,794.0,0.173,Self-Employed,0,0
61,473035.0,245933.0,2,4,681.0,0.401,Self-Employed,0,1
46,614969.0,351713.0,5,3,786.0,0.264,Business Owner,0,0
26,709865.0,247033.0,5,2,747.0,0.154,Salaried,0,0
24,794453.0,384757.0,6,0,744.0,0.058,Business Owner,1,0
24,605525.0,20000.0,9,3,624.0,0.202,Salaried,0,1
61,357046.0,386739.0,8,1,626.0,0.242,Salaried,1,0
45,763847.0,205131.0,2,0,624.0,0.032,Salaried,0,0
50,733123.0,211462.0,5,2,770.0,0.144,Salaried,0,0
63,305019.0,20000.0,18,3,778.0,0.401,Salaried,0,1
38,516929.0,139590.0,22,1,595.0,0.11,Business Owner,0,1
60,656853.0,389004.0,16,0,575.0,0.071,Salaried,0,0
38,597022.0,641660.0,24,0,688.0,0.129,Salaried,2,0
51,712970.0,193305.0,14,0,782.0,0.033,Salaried,1,0
57,772605.0,199726.0,10,1,700.0,0.083,Salaried,1,0
23,716726.0,371140.0,10,3,728.0,0.23,Salaried,0,0
53,572248.0,340903.0,18,3,716.0,0.281,Salaried,1,0
56,300706.0,210770.0,14,1,724.0,0.217,Salaried,0,0
63,732925.0,273283.0,15,0,667.0,0.045,Salaried,0,0
51,905708.0,241328.0,9,2,716.0,0.12,Salaried,0,0
42,1032060.0,390646.0,18,1,732.0,0.084,Salaried,0,0
27,590046.0,416760.0,16,0,669.0,0.085,Salaried,1,0
54,589482.0,560736.0,14,0,812.0,0.114,Self-Employed,0,0
41,915542.0,435439.0,22,1,593.0,0.101,Self-Employed,0,0
56,913839.0,398248.0,11,2,647.0,0.14,Business Owner,0,0
23,672180.0,322312.0,19,0,611.0,0.058,Business Owner,3,0
36,754001.0,438670.0,8,2,763.0,0.176,Business Owner,0,1
56,429644.0,152358.0,9,4,764.0,0.415,Salaried,0,0
47,725620.0,620669.0,11,1,618.0,0.158,Business Owner,1,1
52,415317.0,341237.0,22,0,684.0,0.099,Salaried,1,0
46,565099.0,509927.0,0,1,642.0,0.179,Self-Employed,0,1
56,569922.0,180762.0,7,4,569.0,0.319,Salaried,1,1
57,493846.0,453208.0,18,4,614.0,0.434,Salaried,1,1
54,150000.0,359333.0,16,0,704.0,0.287,Business Owner,3,1
50,415145.0,271860.0,4,3,723.0,0.368,Salaried,0,1
32,670229.0,199943.0,18,1,620.0,0.095,Business Owner,3,1
24,583513.0,168368.0,0,2,678.0,0.172,Self-Employed,0,1
55,510284.0,568109.0,10,3,743.0,0.369,Salaried,0,0
36,691207.0,481910.0,15,2,788.0,0.199,Salaried,1,0
31,748409.0,317027.0,21,3,705.0,0.211,Business Owner,0,0
21,783343.0,329033.0,21,3,613.0,0.204,Salaried,1,0
27,419185.0,191434.0,24,0,553.0,0.055,Salaried,1,1
22,601371.0,25775.0,3,3,683.0,0.205,Salaried,0,0
38,523059.0,32481.0,3,1,653.0,0.084,Self-Employed,0,0
34,403271.0,209118.0,0,2,632.0,0.261,Salaried,0,1
42,267186.0,276846.0,1,0,623.0,0.124,Salaried,3,0
46,574787.0,124892.0,8,1,633.0,0.096,Salaried,2,1
33,404335.0,419049.0,7,1,690.0,0.223,Salaried,0,0
44,1070122.0,377052.0,14,4,732.0,0.192,Salaried,1,0
47,574649.0,323996.0,0,1,613.0,0.137,Salaried,0,1
50,546951.0,36978.0,13,2,826.0,0.154,Self-Employed,0,0
47,508851.0,267797.0,24,2,791.0,0.22,Salaried,0,0
22,1008959.0,295432.0,20,4,659.0,0.194,Business Owner,0,0
31,389124.0,111298.0,6,3,703.0,0.343,Salaried,0,1
55,560910.0,20000.0,17,0,799.0,0.004,Salaried,1,0
48,427004.0,586532.0,3,0,606.0,0.165,Self-Employed,3,0
34,568900.0,392807.0,19,2,630.0,0.223,Salaried,0,0
36,588450.0,242334.0,14,3,630.0,0.253,Self-Employed,0,1
61,838084.0,539037.0,8,0,598.0,0.077,Self-Employed,0,0
53,284752.0,466251.0,23,4,735.0,0.758,Salaried,1,1
37,591721.0,366983.0,8,4,661.0,0.345,Salaried,0,0
33,951931.0,333726.0,21,1,686.0,0.084,Salaried,1,0
26,484153.0,416636.0,18,2,685.0,0.269,Salaried,2,0
56,557260.0,519017.0,21,3,663.0,0.327,Salaried,1,1
48,401169.0,310378.0,2,0,799.0,0.093,Salaried,0,0
39,150000.0,265363.0,4,2,666.0,0.746,Salaried,0,1
51,573281.0,387133.0,20,2,611.0,0.221,Salaried,0,0
45,854940.0,20000.0,6,1,570.0,0.05,Salaried,0,1
44,493373.0,313083.0,18,1,625.0,0.157,Salaried,0,1
50,190043.0,238899.0,2,2,694.0,0.572,Self-Employed,1,1
54,654899.0,297298.0,15,1,692.0,0.116,Self-Employed,1,0
43,613668.0,272283.0,17,0,702.0,0.053,Salaried,0,0
39,816375.0,350467.0,6,0,646.0,0.052,Self-Employed,0,0
32,796591.0,315587.0,8,3,714.0,0.198,Salaried,0,0
34,536835.0,310038.0,15,4,715.0,0.367,Salaried,0,0
64,684246.0,280046.0,16,2,584.0,0.166,Salaried,0,0
29,200412.0,368063.0,13,3,711.0,0.819,Salaried,2,1
25,841310.0,223801.0,0,1,712.0,0.079,Salaried,2,0
48,637174.0,447258.0,9,2,658.0,0.21,Business Owner,0,1
35,835023.0,47530.0,18,0,766.0,0.007,Self-Employed,0,0
25,830069.0,330457.0,6,3,684.0,0.192,Salaried,0,0
45,533044.0,367727.0,3,4,620.0,0.383,Business Owner,0,1
53,563384.0,109304.0,13,4,754.0,0.307,Self-Employed,0,0
22,403810.0,235430.0,24,3,820.0,0.367,Business Owner,0,0
42,150000.0,498516.0,22,0,588.0,0.399,Salaried,2,1
27,567226.0,280197.0,6,0,674.0,0.059,Self-Employed,0,0
46,630062.0,167612.0,5,0,749.0,0.032,Self-Employed,1,0
56,357383.0,20000.0,12,3,728.0,0.342,Salaried,0,0
56,752857.0,351016.0,14,0,760.0,0.056,Salaried,0,0
55,617923.0,315271.0,20,0,783.0,0.061,Self-Employed,0,0
33,696056.0,391476.0,3,3,538.0,0.24,Business Owner,0,1
49,426940.0,607372.0,15,2,734.0,0.358,Salaried,1,0
49,208067.0,299388.0,1,4,551.0,0.942,Salaried,0,1
60,767402.0,320038.0,2,0,605.0,0.05,Salaried,0,0
51,730681.0,197041.0,1,0,593.0,0.032,Self-Employed,0,0
54,572102.0,290742.0,23,4,718.0,0.341,Salaried,2,1
25,503617.0,295640.0,24,0,548.0,0.07,Business Owner,2,1
34,535316.0,413247.0,18,3,687.0,0.317,Self-Employed,0,0
37,566134.0,383076.0,10,0,560.0,0.081,Salaried,0,0
49,484319.0,185401.0,18,3,838.0,0.294,Self-Employed,1,0
59,153848.0,228674.0,14,3,637.0,0.958,Salaried,1,1
35,768799.0,506791.0,12,1,678.0,0.131,Business Owner,0,0
42,267414.0,156033.0,7,3,586.0,0.519,Salaried,0,1
53,523043.0,412084.0,4,1,633.0,0.171,Salaried,2,0
29,528806.0,543607.0,0,3,783.0,0.35,Salaried,0,0
37,653765.0,398036.0,16,0,699.0,0.073,Salaried,2,0
29,241384.0,337970.0,22,2,587.0,0.499,Salaried,0,1
27,861978.0,504703.0,7,4,639.0,0.256,Business Owner,1,0
51,740767.0,353031.0,1,4,667.0,0.273,Self-Employed,1,0
59,766035.0,298644.0,20,0,818.0,0.047,Business Owner,0,0
27,875588.0,269541.0,5,3,670.0,0.174,Self-Employed,1,0
51,421303.0,472226.0,8,3,714.0,0.419,Salaried,0,1
51,150000.0,404273.0,12,0,763.0,0.323,Self-Employed,0,1
53,670456.0,531675.0,16,1,869.0,0.155,Salaried,1,0
51,886176.0,249621.0,15,2,731.0,0.124,Salaried,1,0
45,853353.0,253055.0,13,0,594.0,0.036,Salaried,0,0
26,479994.0,234603.0,10,3,601.0,0.309,Self-Employed,0,1
55,577840.0,341988.0,3,0,815.0,0.071,Salaried,1,0
29,661005.0,196116.0,24,3,712.0,0.217,Salaried,1,1
40,200602.0,438854.0,17,1,526.0,0.462,Salaried,1,0
62,451621.0,350804.0,3,1,639.0,0.182,Self-Employed,1,1
45,458486.0,152731.0,24,0,643.0,0.04,Business Owner,0,0
33,946984.0,20000.0,22,4,652.0,0.171,Salaried,0,0
23,455419.0,26037.0,1,4,730.0,0.358,Salaried,0,0
32,944465.0,515685.0,12,0,733.0,0.066,Salaried,0,0
45,601994.0,290721.0,14,3,786.0,0.257,Self-Employed,2,0
58,230291.0,322002.0,10,4,529.0,0.863,Salaried,0,1
56,1087184.0,236118.0,16,0,703.0,0.026,Self-Employed,1,0
30,385631.0,358934.0,8,3,663.0,0.423,Business Owner,0,1
52,735681.0,20000.0,20,0,595.0,0.003,Salaried,0,0
49,975229.0,20000.0,4,1,746.0,0.043,Self-Employed,1,0
56,482268.0,54278.0,7,2,573.0,0.179,Self-Employed,0,0
42,329273.0,309702.0,14,0,569.0,0.113,Salaried,0,0
42,829003.0,405249.0,20,4,808.0,0.252,Salaried,3,0
39,614392.0,370827.0,6,0,712.0,0.072,Salaried,1,0
59,329987.0,280645.0,18,1,745.0,0.223,Salaried,0,0
44,362136.0,107419.0,1,3,784.0,0.367,Business Owner,0,1
25,514275.0,418998.0,4,2,577.0,0.253,Business Owner,0,0
43,812084.0,257223.0,22,0,789.0,0.038,Salaried,0,0
59,536847.0,296461.0,18,1,688.0,0.141,Business Owner,0,0
57,743994.0,288377.0,2,3,723.0,0.208,Self-Employed,0,0
37,963597.0,229154.0,11,4,744.0,0.195,Salaried,2,0
59,879274.0,190860.0,0,1,731.0,0.072,Salaried,0,0
25,916267.0,210739.0,5,1,649.0,0.071,Salaried,0,0
53,871019.0,105604.0,0,1,679.0,0.06,Business Owner,0,0
48,246124.0,336646.0,6,1,693.0,0.327,Salaried,0,0
21,869048.0,273320.0,2,1,764.0,0.084,Salaried,0,0
41,672279.0,452002.0,8,3,504.0,0.259,Self-Employed,2,1
37,572632.0,27596.0,23,4,793.0,0.285,Salaried,0,1
39,361377.0,475181.0,18,1,606.0,0.268,Salaried,3,1
32,250418.0,288582.0,17,0,854.0,0.138,Self-Employed,0,0
58,355558.0,274945.0,3,4,719.0,0.543,Salaried,2,1
57,595300.0,178484.0,15,1,821.0,0.103,Self-Employed,2,0
27,341481.0,176749.0,16,3,662.0,0.414,Business Owner,1,1
54,420376.0,75225.0,6,3,819.0,0.307,Salaried,0,0
48,464324.0,434141.0,20,3,714.0,0.371,Salaried,2,0
29,746639.0,267231.0,17,2,714.0,0.15,Salaried,1,0
39,535060.0,406956.0,12,4,717.0,0.39,Business Owner,1,0
33,567903.0,423481.0,22,2,481.0,0.23,Salaried,0,1
44,891771.0,224409.0,22,2,562.0,0.12,Salaried,0,0
26,529327.0,263648.0,2,1,551.0,0.135,Self-Employed,0,0
42,731833.0,247608.0,17,0,687.0,0.041,Business Owner,1,1
26,367395.0,453439.0,21,4,663.0,0.584,Salaried,0,0
26,672412.0,319142.0,12,1,746.0,0.116,Business Owner,1,0
58,626293.0,324748.0,9,2,709.0,0.19,Self-Employed,1,1
43,638575.0,407608.0,24,1,780.0,0.139,Business Owner,0,0
33,497397.0,288161.0,0,1,624.0,0.15,Salaried,1,1
58,373268.0,606147.0,13,0,709.0,0.195,Self-Employed,0,0
35,534104.0,160376.0,8,3,640.0,0.261,Salaried,0,0
28,497046.0,487733.0,3,1,587.0,0.198,Self-Employed,1,1
60,827343.0,510338.0,17,2,538.0,0.171,Salaried,1,1
21,799724.0,128395.0,5,0,672.0,0.019,Salaried,1,0
62,335533.0,429150.0,14,3,606.0,0.511,Business Owner,0,1
23,738011.0,341898.0,20,0,637.0,0.056,Salaried,1,0
56,494459.0,430443.0,14,3,602.0,0.347,Salaried,1,1
41,700962.0,119626.0,21,2,591.0,0.135,Salaried,0,0
26,494057.0,336442.0,0,4,900.0,0.406,Business Owner,2,0
63,276211.0,152934.0,9,0,683.0,0.066,Self-Employed,0,0
39,823579.0,250230.0,16,1,574.0,0.085,Salaried,1,0
22,699505.0,512969.0,9,4,663.0,0.317,Self-Employed,0,1
52,330349.0,279758.0,17,2,681.0,0.344,Self-Employed,2,1
64,183889.0,20000.0,5,0,561.0,0.013,Self-Employed,2,1
27,482471.0,90162.0,13,3,764.0,0.271,Self-Employed,0,0
44,339994.0,128994.0,21,0,604.0,0.046,Salaried,0,0
61,519939.0,452359.0,6,2,720.0,0.258,Salaried,0,0
26,736461.0,195325.0,24,2,641.0,0.14,Business Owner,0,0
55,923199.0,66429.0,16,0,613.0,0.009,Salaried,1,0
39,521504.0,467499.0,23,4,900.0,0.414,Salaried,0,0
23,903018.0,337580.0,16,2,628.0,0.133,Salaried,2,1
30,856156.0,351346.0,11,3,554.0,0.189,Salaried,0,0
58,504428.0,180157.0,20,3,635.0,0.281,Salaried,1,1
52,233255.0,514134.0,22,4,597.0,0.95,Salaried,0,1
59,787790.0,281576.0,2,4,764.0,0.246,Business Owner,2,0
44,734290.0,20000.0,5,2,712.0,0.112,Business Owner,0,0
26,1118083.0,129307.0,14,1,581.0,0.05,Business Owner,0,1
33,914991.0,173621.0,1,1,819.0,0.066,Business Owner,0,0
34,772558.0,275836.0,22,4,658.0,0.25,Salaried,0,0
32,971959.0,414683.0,14,0,571.0,0.051,Business Owner,0,0
24,370040.0,190942.0,14,3,764.0,0.386,Salaried,1,0
59,643340.0,209869.0,8,4,729.0,0.288,Salaried,1,1
25,540698.0,630643.0,24,4,594.0,0.436,Salaried,1,0
54,984272.0,312396.0,12,2,585.0,0.119,Salaried,1,0
52,725359.0,220683.0,1,1,663.0,0.092,Business Owner,2,1
40,150000.0,304944.0,1,4,622.0,1.311,Business Owner,0,1
48,902776.0,112183.0,4,3,720.0,0.148,Salaried,1,0
38,401934.0,380253.0,4,4,699.0,0.512,Self-Employed,0,1
44,772664.0,445242.0,20,2,580.0,0.173,Self-Employed,0,0
53,496513.0,212640.0,12,3,588.0,0.293,Business Owner,0,1
41,655928.0,450210.0,9,1,656.0,0.143,Self-Employed,0,0
63,742091.0,256392.0,12,3,781.0,0.203,Salaried,1,0
57,645188.0,343231.0,0,4,624.0,0.312,Salaried,4,1
24,392760.0,188762.0,17,0,724.0,0.058,Business Owner,2,0
60,910635.0,179878.0,23,3,624.0,0.155,Salaried,1,0
27,690292.0,75109.0,18,4,711.0,0.245,Business Owner,0,0
30,599379.0,332951.0,14,2,630.0,0.2,Salaried,0,1
36,758545.0,257376.0,9,4,710.0,0.252,Salaried,1,0
56,485524.0,261972.0,5,1,603.0,0.147,Business Owner,0,0
43,1018349.0,130664.0,11,2,615.0,0.094,Business Owner,0,0
54,653022.0,124795.0,23,4,832.0,0.268,Salaried,0,0
24,684075.0,205163.0,7,2,750.0,0.153,Salaried,0,0
53,680103.0,370430.0,1,2,574.0,0.183,Salaried,1,1
23,403008.0,345163.0,3,2,770.0,0.301,Salaried,0,0
31,345516.0,197635.0,21,3,661.0,0.416,Self-Employed,0,1
30,651730.0,344054.0,10,2,785.0,0.186,Business Owner,0,0
57,681548.0,563650.0,23,0,566.0,0.099,Salaried,2,1
37,900208.0,315868.0,14,0,667.0,0.042,Salaried,0,0
54,703413.0,603273.0,15,1,640.0,0.16,Salaried,1,1
53,364533.0,365022.0,24,4,618.0,0.559,Business Owner,0,1
51,719995.0,499685.0,22,1,580.0,0.139,Salaried,0,0
47,786260.0,220682.0,18,1,832.0,0.085,Salaried,0,0
59,824923.0,476057.0,0,2,674.0,0.166,Salaried,0,0
22,677663.0,122305.0,20,0,649.0,0.022,Salaried,1,0
50,335497.0,336459.0,24,1,541.0,0.24,Salaried,2,1
22,859755.0,249750.0,20,2,766.0,0.128,Salaried,0,0
48,443218.0,20000.0,8,1,766.0,0.096,Business Owner,0,0
40,730472.0,95249.0,23,0,662.0,0.016,Self-Employed,2,0
63,258174.0,469703.0,20,2,564.0,0.528,Self-Employed,0,1
59,772464.0,373448.0,22,4,722.0,0.265,Salaried,1,0
23,431517.0,494156.0,7,1,676.0,0.23,Salaried,0,1
61,842343.0,329194.0,4,4,558.0,0.237,Salaried,1,1
28,992285.0,20000.0,4,2,845.0,0.083,Salaried,0,0
37,861458.0,337314.0,7,3,735.0,0.186,Business Owner,0,0
44,347130.0,214336.0,16,4,596.0,0.535,Salaried,0,0
60,396319.0,224163.0,6,0,610.0,0.068,Salaried,0,1
36,412427.0,232219.0,5,1,740.0,0.165,Salaried,0,0
61,749696.0,184692.0,20,4,773.0,0.243,Self-Employed,0,0
34,679906.0,155639.0,17,3,725.0,0.204,Salaried,0,0
38,638694.0,485849.0,12,0,719.0,0.091,Salaried,0,0
61,671855.0,366509.0,24,4,647.0,0.304,Salaried,1,0
53,731296.0,201463.0,23,3,846.0,0.197,Self-Employed,0,0
50,747005.0,236129.0,21,0,656.0,0.038,Salaried,0,0
37,975371.0,445502.0,14,0,697.0,0.055,Self-Employed,0,0
21,591210.0,356530.0,1,3,710.0,0.275,Self-Employed,3,1
27,648223.0,328616.0,0,3,656.0,0.246,Business Owner,1,1
34,195006.0,115365.0,16,4,742.0,0.891,Salaried,0,1
46,311944.0,234097.0,6,3,805.0,0.475,Salaried,1,0
59,450486.0,128919.0,11,1,499.0,0.123,Business Owner,0,1
24,341910.0,20000.0,10,1,663.0,0.124,Self-Employed,1,1
23,651295.0,433229.0,4,4,782.0,0.325,Self-Employed,0,0
50,831650.0,249830.0,3,1,794.0,0.084,Salaried,0,0
31,506581.0,237165.0,24,1,642.0,0.135,Business Owner,1,1
56,495405.0,154902.0,14,4,735.0,0.36,Salaried,1,1
46,489460.0,412454.0,23,3,696.0,0.346,Self-Employed,1,1
61,630668.0,612790.0,1,4,692.0,0.37,Self-Employed,0,0
40,481850.0,386594.0,11,2,629.0,0.262,Salaried,0,1
40,695467.0,438268.0,6,0,762.0,0.076,Business Owner,0,1
55,667662.0,112015.0,6,2,778.0,0.14,Salaried,2,0
26,677080.0,325200.0,0,4,810.0,0.294,Self-Employed,1,0
30,769270.0,331577.0,1,2,702.0,0.156,Salaried,3,0
60,607939.0,522308.0,2,2,692.0,0.235,Salaried,0,0
27,632522.0,300190.0,22,4,773.0,0.31,Self-Employed,0,1
59,987861.0,157195.0,17,1,900.0,0.06,Salaried,0,0
51,590573.0,288792.0,7,2,663.0,0.194,Salaried,0,1
63,776078.0,233521.0,12,2,675.0,0.139,Salaried,0,0
32,612255.0,515589.0,23,0,825.0,0.101,Self-Employed,1,0
47,499419.0,398412.0,23,0,590.0,0.096,Business Owner,1,1
22,499502.0,349825.0,15,3,476.0,0.324,Business Owner,0,0
50,419512.0,325545.0,3,2,762.0,0.284,Salaried,1,0
23,602497.0,425161.0,1,0,795.0,0.085,Self-Employed,1,0
37,466943.0,224924.0,4,3,790.0,0.315,Salaried,0,0
35,506709.0,160761.0,23,0,764.0,0.038,Self-Employed,1,0
29,868038.0,20000.0,1,2,772.0,0.095,Business Owner,0,0
44,570371.0,476405.0,2,1,627.0,0.17,Salaried,0,0
33,850568.0,374253.0,4,0,768.0,0.053,Salaried,1,0
24,658119.0,394624.0,4,1,602.0,0.133,Self-Employed,0,1
52,789302.0,304575.0,7,3,556.0,0.198,Business Owner,0,0
29,465239.0,547508.0,6,4,665.0,0.485,Self-Employed,1,1
35,631977.0,150891.0,10,2,578.0,0.155,Self-Employed,0,0
35,1179356.0,478618.0,16,3,593.0,0.15,Salaried,0,1
51,781487.0,171433.0,6,0,630.0,0.026,Salaried,0,0
52,820128.0,230070.0,15,3,648.0,0.18,Salaried,0,0
43,650614.0,115285.0,4,4,694.0,0.267,Self-Employed,3,0
24,787852.0,311267.0,0,1,599.0,0.098,Salaried,0,0
40,343434.0,254121.0,9,3,633.0,0.438,Salaried,2,1
52,411799.0,362245.0,23,1,669.0,0.203,Business Owner,1,1
63,693272.0,209572.0,1,0,694.0,0.036,Salaried,1,0
63,779266.0,88416.0,6,1,720.0,0.065,Salaried,1,0
28,508533.0,382366.0,20,2,744.0,0.248,Salaried,4,1
31,557392.0,490288.0,17,1,700.0,0.177,Salaried,0,0
42,518942.0,407536.0,14,3,718.0,0.325,Self-Employed,2,0
32,557088.0,288890.0,11,2,736.0,0.206,Salaried,1,0
28,334162.0,357589.0,12,3,680.0,0.488,Salaried,0,1
30,282890.0,42087.0,22,1,696.0,0.159,Self-Employed,0,0
62,579956.0,246645.0,11,1,608.0,0.12,Salaried,1,1
52,215487.0,470844.0,8,1,700.0,0.448,Self-Employed,0,1
42,382331.0,365685.0,13,3,761.0,0.429,Salaried,1,1
45,452181.0,168531.0,21,0,628.0,0.045,Salaried,0,0
35,365600.0,425047.0,24,2,788.0,0.358,Salaried,0,0
45,649410.0,276700.0,9,3,640.0,0.236,Salaried,0,0
28,498627.0,406170.0,9,0,769.0,0.098,Salaried,0,0
23,578717.0,85327.0,9,1,817.0,0.087,Salaried,0,0
47,373990.0,217498.0,14,0,700.0,0.07,Self-Employed,0,0
45,432720.0,345267.0,9,0,650.0,0.096,Salaried,0,0
38,708440.0,341922.0,5,4,718.0,0.284,Self-Employed,1,0
41,675374.0,379539.0,22,4,649.0,0.304,Salaried,0,1
26,492929.0,294894.0,9,1,608.0,0.153,Salaried,2,0
58,675077.0,266780.0,1,2,766.0,0.166,Salaried,0,0
22,636100.0,367239.0,2,2,526.0,0.195,Salaried,0,1
42,629684.0,426148.0,20,4,755.0,0.335,Salaried,0,0
38,945259.0,69420.0,21,1,618.0,0.051,Salaried,0,1
55,506042.0,248370.0,19,2,757.0,0.217,Salaried,2,0
46,686313.0,266057.0,17,1,640.0,0.105,Business Owner,0,0
29,686595.0,320268.0,10,2,829.0,0.172,Salaried,1,0
43,542207.0,448305.0,19,1,641.0,0.173,Salaried,0,0
47,337262.0,97563.0,18,4,499.0,0.509,Business Owner,1,1
60,745333.0,376464.0,19,0,900.0,0.061,Self-Employed,0,0
43,650741.0,37272.0,9,3,684.0,0.191,Self-Employed,0,0
61,603827.0,183726.0,3,0,671.0,0.037,Salaried,0,1
35,597795.0,218494.0,23,2,680.0,0.178,Salaried,2,0
62,597117.0,256163.0,15,0,655.0,0.051,Salaried,1,0
62,395495.0,205022.0,5,4,705.0,0.467,Salaried,0,1
56,656181.0,219736.0,3,3,619.0,0.223,Salaried,0,0
58,194975.0,245603.0,17,2,858.0,0.561,Salaried,1,0
42,585598.0,256203.0,15,1,624.0,0.121,Salaried,0,0
62,261873.0,20800.0,20,3,733.0,0.468,Salaried,1,0
44,513310.0,87087.0,3,2,790.0,0.176,Salaried,1,0
47,747861.0,231306.0,18,3,663.0,0.198,Self-Employed,0,0
38,533196.0,375675.0,3,3,751.0,0.31,Salaried,0,0
46,484464.0,446793.0,20,2,637.0,0.276,Salaried,1,0
38,702736.0,723248.0,3,2,600.0,0.237,Salaried,1,1
46,530274.0,312888.0,15,3,616.0,0.297,Business Owner,0,0
22,499574.0,179157.0,13,4,769.0,0.363,Salaried,0,1
23,502598.0,323425.0,2,3,766.0,0.316,Salaried,1,1
56,921554.0,398585.0,2,3,607.0,0.182,Salaried,0,1
58,734906.0,317561.0,3,0,763.0,0.052,Salaried,0,0
31,694375.0,138464.0,9,4,607.0,0.254,Salaried,0,0
21,326586.0,281789.0,22,4,695.0,0.593,Salaried,0,0
22,724441.0,290669.0,10,1,737.0,0.103,Salaried,0,0
55,303593.0,86516.0,5,2,513.0,0.298,Salaried,0,1
41,693322.0,116528.0,24,4,731.0,0.251,Business Owner,1,0
32,342199.0,476027.0,16,3,656.0,0.518,Salaried,0,1
52,1017033.0,20000.0,19,4,560.0,0.16,Self-Employed,0,0
43,216918.0,322117.0,11,3,735.0,0.731,Salaried,1,0
40,855986.0,258052.0,14,3,703.0,0.176,Business Owner,0,0
25,763303.0,504059.0,4,3,709.0,0.236,Business Owner,2,0
37,196428.0,388056.0,18,4,657.0,1.052,Salaried,0,1
54,533929.0,167983.0,16,3,625.0,0.263,Salaried,0,0
49,904528.0,484970.0,0,0,572.0,0.064,Salaried,1,0
41,836634.0,213283.0,13,4,660.0,0.222,Self-Employed,0,1
28,221826.0,594017.0,9,4,594.0,1.043,Salaried,0,1
49,472191.0,544127.0,8,2,643.0,0.308,Salaried,0,1
21,328341.0,285199.0,7,0,712.0,0.104,Salaried,1,0
64,361043.0,412538.0,21,3,743.0,0.469,Self-Employed,0,1
47,445128.0,324654.0,16,3,713.0,0.357,Salaried,0,0
52,991353.0,162677.0,1,2,702.0,0.1,Salaried,3,1
44,615551.0,455945.0,3,0,656.0,0.089,Self-Employed,1,0
36,536472.0,360920.0,17,1,755.0,0.155,Self-Employed,0,0
59,512463.0,424338.0,23,3,774.0,0.334,Self-Employed,0,0
21,732574.0,457206.0,16,0,639.0,0.075,Self-Employed,2,0
39,738011.0,508625.0,8,2,643.0,0.191,Business Owner,0,0
53,383762.0,452437.0,16,3,599.0,0.454,Salaried,0,1
55,908704.0,284938.0,21,2,654.0,0.126,Self-Employed,2,0
31,347697.0,311382.0,9,4,643.0,0.568,Business Owner,2,1
21,524902.0,359953.0,21,1,837.0,0.158,Self-Employed,2,0
64,684930.0,280620.0,22,3,789.0,0.224,Business Owner,1,0
22,962109.0,263533.0,11,2,569.0,0.116,Business Owner,0,0
56,509623.0,575869.0,10,1,741.0,0.214,Salaried,0,0
47,648647.0,371750.0,0,1,659.0,0.13,Salaried,0,1
21,872250.0,581070.0,24,3,537.0,0.218,Salaried,1,0
30,722829.0,184535.0,2,1,699.0,0.086,Salaried,0,0
29,833659.0,292962.0,9,4,623.0,0.234,Salaried,0,0
23,814094.0,234462.0,9,4,703.0,0.231,Salaried,1,0
47,642862.0,241159.0,8,4,721.0,0.294,Business Owner,1,1
26,724452.0,256222.0,18,1,626.0,0.098,Business Owner,0,0
35,787326.0,280989.0,4,4,800.0,0.246,Self-Employed,1,0
37,579573.0,234655.0,11,4,689.0,0.325,Business Owner,1,0
22,937274.0,567439.0,7,2,615.0,0.158,Salaried,0,0
35,150000.0,399915.0,23,2,546.0,0.853,Salaried,0,1
47,383164.0,188779.0,13,2,859.0,0.268,Business Owner,0,0
45,903309.0,218413.0,22,4,613.0,0.206,Business Owner,1,1
44,679638.0,410246.0,24,2,683.0,0.19,Salaried,0,0
60,444051.0,380457.0,8,3,701.0,0.373,Self-Employed,1,0
29,668911.0,208955.0,11,3,750.0,0.217,Salaried,2,0
37,824809.0,436968.0,24,4,569.0,0.258,Business Owner,1,1
50,462829.0,86835.0,14,0,480.0,0.023,Salaried,0,1
29,754736.0,229472.0,13,3,686.0,0.195,Salaried,1,0
34,558963.0,556207.0,20,3,557.0,0.334,Business Owner,0,1
46,560905.0,20000.0,1,3,655.0,0.218,Salaried,0,0
52,570649.0,269440.0,20,0,845.0,0.057,Salaried,1,0
21,830412.0,446458.0,0,4,629.0,0.257,Business Owner,1,1
38,339626.0,278208.0,23,1,732.0,0.216,Salaried,1,1
37,505102.0,183739.0,9,3,587.0,0.281,Salaried,1,1
35,731696.0,167571.0,14,4,900.0,0.246,Self-Employed,2,0
34,317816.0,20000.0,10,4,646.0,0.511,Salaried,0,1
58,238228.0,102829.0,5,4,709.0,0.723,Salaried,0,1
38,711164.0,309573.0,4,3,666.0,0.221,Salaried,0,0
47,586357.0,215193.0,15,2,628.0,0.18,Business Owner,1,1
23,553658.0,297879.0,22,2,764.0,0.209,Business Owner,0,0
54,617351.0,277550.0,13,4,658.0,0.313,Business Owner,1,0
45,372192.0,342075.0,7,1,602.0,0.218,Business Owner,0,0
37,1226819.0,53193.0,11,1,633.0,0.038,Salaried,0,0
48,369573.0,254017.0,19,1,651.0,0.191,Self-Employed,0,0
54,490300.0,249467.0,14,4,683.0,0.387,Self-Employed,2,0
53,273337.0,253517.0,5,4,687.0,0.697,Salaried,1,1
58,494583.0,167846.0,3,4,609.0,0.364,Salaried,0,0
63,921826.0,20000.0,10,1,634.0,0.046,Self-Employed,1,0
54,590229.0,393457.0,1,3,843.0,0.283,Salaried,1,0
36,716920.0,420681.0,9,1,653.0,0.126,Business Owner,0,1
54,479719.0,651742.0,12,1,785.0,0.246,Business Owner,0,0
49,984933.0,408182.0,19,4,638.0,0.212,Salaried,0,1
35,622119.0,543692.0,2,1,703.0,0.169,Salaried,0,0
40,311443.0,388188.0,9,3,622.0,0.535,Salaried,0,1
21,755461.0,243359.0,13,2,512.0,0.145,Salaried,2,1
30,504753.0,373418.0,5,1,628.0,0.168,Salaried,1,1
26,719595.0,126493.0,16,2,744.0,0.132,Salaried,1,0
60,616679.0,335853.0,20,3,775.0,0.26,Self-Employed,0,0
61,644024.0,283609.0,12,4,759.0,0.301,Self-Employed,0,0
53,616104.0,143149.0,16,2,627.0,0.158,Self-Employed,0,1
33,386850.0,481314.0,16,4,645.0,0.563,Salaried,0,1
62,255571.0,465954.0,4,0,578.0,0.219,Business Owner,2,0
31,800694.0,368506.0,13,3,693.0,0.205,Salaried,0,1
57,556194.0,421105.0,5,4,737.0,0.379,Salaried,0,1
54,648824.0,544573.0,21,1,689.0,0.162,Business Owner,0,0
61,483926.0,280298.0,2,0,610.0,0.07,Salaried,0,0
53,150000.0,99252.0,19,4,703.0,1.146,Business Owner,0,1
26,305023.0,158668.0,20,4,679.0,0.587,Salaried,1,1
21,892886.0,403772.0,21,4,710.0,0.233,Business Owner,0,1
21,413129.0,334398.0,10,2,656.0,0.291,Self-Employed,1,0
63,501672.0,79499.0,17,0,687.0,0.019,Salaried,0,0
29,263027.0,496665.0,20,2,612.0,0.531,Self-Employed,1,1
58,469689.0,332330.0,19,3,603.0,0.34,Salaried,0,0
39,503756.0,540278.0,14,2,465.0,0.288,Salaried,1,0
58,536904.0,468442.0,24,1,689.0,0.179,Salaried,2,0
51,569377.0,236102.0,19,2,685.0,0.19,Self-Employed,1,0
23,446601.0,315028.0,20,3,593.0,0.353,Salaried,1,1
40,459103.0,191746.0,18,4,797.0,0.399,Salaried,0,0
50,582370.0,176108.0,19,1,771.0,0.105,Business Owner,0,0
43,656346.0,256808.0,11,1,812.0,0.108,Salaried,1,0
27,554025.0,375589.0,1,4,663.0,0.37,Salaried,0,0
54,968600.0,504833.0,6,4,652.0,0.228,Salaried,0,0
51,630368.0,168892.0,7,4,700.0,0.286,Business Owner,1,1
24,620581.0,405844.0,9,2,749.0,0.207,Salaried,0,0
29,440755.0,307563.0,24,2,797.0,0.265,Business Owner,0,0
50,810959.0,269229.0,13,4,596.0,0.237,Business Owner,1,0
26,359760.0,469985.0,10,3,661.0,0.49,Self-Employed,0,0
23,228903.0,249554.0,24,0,509.0,0.131,Salaried,0,1
37,370266.0,507513.0,20,4,653.0,0.597,Salaried,0,0
31,720947.0,253235.0,7,0,749.0,0.042,Salaried,1,0
36,332922.0,165781.0,19,0,731.0,0.06,Salaried,1,0
52,869293.0,417292.0,18,1,867.0,0.104,Salaried,1,0
31,579612.0,86379.0,18,4,731.0,0.294,Salaried,0,0
51,251011.0,126949.0,6,4,641.0,0.698,Salaried,1,1
46,534118.0,275820.0,19,0,614.0,0.062,Salaried,2,1
38,976829.0,304066.0,15,2,697.0,0.119,Salaried,0,0
25,395230.0,263809.0,6,1,810.0,0.181,Self-Employed,0,0
33,296254.0,20000.0,18,3,573.0,0.413,Business Owner,0,1
37,697092.0,105058.0,3,1,597.0,0.075,Salaried,0,0
57,871715.0,380369.0,0,3,682.0,0.19,Salaried,0,0
21,807900.0,384551.0,8,4,648.0,0.255,Salaried,2,0
33,512016.0,153832.0,18,0,748.0,0.036,Business Owner,0,0
53,625549.0,344060.0,23,4,638.0,0.322,Business Owner,0,0
22,655770.0,335125.0,21,2,679.0,0.183,Salaried,1,0
46,842546.0,455982.0,24,4,675.0,0.255,Business Owner,0,0
31,1056959.0,195326.0,22,0,693.0,0.022,Business Owner,1,0
41,560545.0,521935.0,8,3,787.0,0.326,Business Owner,0,0
21,870090.0,259509.0,21,2,570.0,0.128,Salaried,2,0
31,508576.0,520005.0,3,0,534.0,0.123,Salaried,1,0
56,713828.0,442792.0,9,0,554.0,0.074,Self-Employed,0,1
63,378944.0,154220.0,10,0,652.0,0.049,Salaried,0,0
26,416160.0,258709.0,3,3,685.0,0.363,Salaried,0,0
60,675589.0,347702.0,1,3,719.0,0.239,Salaried,0,0
63,386957.0,456663.0,8,2,701.0,0.348,Salaried,0,0
49,779389.0,98589.0,24,4,686.0,0.22,Business Owner,0,0
30,463103.0,230621.0,22,2,530.0,0.233,Salaried,0,1
49,601285.0,398024.0,1,4,622.0,0.346,Salaried,1,0
34,565863.0,376560.0,16,2,711.0,0.221,Salaried,0,1
35,510892.0,148326.0,22,0,574.0,0.035,Self-Employed,0,0
46,613050.0,171157.0,12,2,636.0,0.164,Self-Employed,1,0
27,821673.0,369198.0,24,0,640.0,0.054,Self-Employed,0,0
34,1267389.0,152281.0,0,2,715.0,0.078,Salaried,0,0
62,323136.0,339789.0,19,0,604.0,0.126,Business Owner,1,0
37,650272.0,441788.0,1,1,539.0,0.143,Self-Employed,1,1
48,545628.0,307410.0,22,1,645.0,0.141,Salaried,0,1
25,383326.0,20000.0,13,4,652.0,0.424,Self-Employed,2,1
52,647242.0,480243.0,18,0,743.0,0.089,Self-Employed,0,0
38,390939.0,476862.0,21,2,626.0,0.351,Self-Employed,0,1
47,567057.0,516642.0,0,1,656.0,0.18,Salaried,0,0
22,856992.0,433316.0,15,0,633.0,0.061,Salaried,0,0
29,150000.0,53772.0,21,1,636.0,0.31,Salaried,3,1
30,638736.0,516552.0,9,1,844.0,0.16,Salaried,0,1
26,682535.0,356573.0,7,3,468.0,0.239,Business Owner,1,0
61,373634.0,445395.0,0,3,723.0,0.464,Salaried,1,1
43,699509.0,281455.0,2,3,610.0,0.22,Salaried,0,1
33,661598.0,268731.0,5,2,681.0,0.17,Business Owner,1,0
31,507489.0,269886.0,19,2,550.0,0.221,Business Owner,2,0
32,850902.0,543542.0,15,2,691.0,0.171,Salaried,1,0
31,296639.0,346124.0,0,2,609.0,0.41,Salaried,1,1
50,725739.0,274857.0,7,2,721.0,0.156,Self-Employed,1,0
44,532871.0,113904.0,22,2,786.0,0.176,Self-Employed,1,0
59,351850.0,375435.0,13,3,573.0,0.469,Salaried,0,1
57,545189.0,306937.0,17,1,544.0,0.141,Self-Employed,0,1
34,507410.0,328554.0,1,4,769.0,0.393,Self-Employed,1,0
35,764386.0,452733.0,7,4,834.0,0.28,Salaried,1,0
37,255297.0,413370.0,13,0,676.0,0.194,Self-Employed,1,0
57,541418.0,305815.0,15,1,506.0,0.142,Business Owner,0,0
52,483987.0,337578.0,11,4,548.0,0.414,Business Owner,2,1
40,930243.0,318787.0,18,0,753.0,0.041,Self-Employed,0,0
55,338201.0,412550.0,0,2,818.0,0.383,Self-Employed,1,0
48,817034.0,408566.0,3,3,665.0,0.207,Business Owner,1,1
48,197635.0,326341.0,20,3,565.0,0.805,Salaried,2,0
53,659580.0,177349.0,2,3,769.0,0.214,Self-Employed,0,0
28,553809.0,431468.0,19,2,564.0,0.238,Salaried,1,0
49,666696.0,439900.0,4,2,619.0,0.199,Salaried,0,1
28,428774.0,145287.0,2,2,624.0,0.227,Salaried,2,1
25,154048.0,363174.0,10,1,623.0,0.543,Self-Employed,3,1
54,243115.0,247292.0,15,1,719.0,0.287,Salaried,1,0
22,871563.0,20000.0,5,4,596.0,0.186,Self-Employed,0,0
52,629516.0,298171.0,21,3,687.0,0.247,Salaried,1,0
30,392296.0,446791.0,15,3,764.0,0.443,Business Owner,0,0
60,780188.0,195365.0,12,2,764.0,0.133,Salaried,1,0
22,418126.0,198997.0,21,2,785.0,0.248,Self-Employed,0,0
55,419319.0,456893.0,18,3,645.0,0.417,Self-Employed,0,1
61,314864.0,139569.0,13,2,536.0,0.307,Salaried,0,0
39,840593.0,163268.0,3,0,691.0,0.023,Salaried,0,0
64,1013144.0,256346.0,1,2,694.0,0.109,Business Owner,0,1
26,369168.0,397004.0,1,0,699.0,0.129,Salaried,0,0
58,644701.0,397688.0,10,4,644.0,0.322,Self-Employed,4,1
60,795984.0,224856.0,5,1,713.0,0.084,Salaried,0,0
31,1046115.0,257496.0,7,1,592.0,0.068,Self-Employed,1,1
51,150000.0,316995.0,19,1,742.0,0.52,Salaried,0,0
53,611437.0,245436.0,20,1,820.0,0.114,Salaried,1,0
46,722201.0,174324.0,7,1,687.0,0.084,Business Owner,0,0
22,254549.0,140035.0,15,3,680.0,0.537,Salaried,0,1
51,669665.0,410018.0,21,2,728.0,0.193,Business Owner,2,1
24,623201.0,270620.0,14,3,721.0,0.245,Salaried,2,0
37,738809.0,731591.0,1,3,723.0,0.281,Salaried,0,0
32,451408.0,396681.0,6,2,693.0,0.283,Business Owner,0,0
36,671364.0,191005.0,12,4,653.0,0.272,Salaried,1,0
64,446226.0,303644.0,9,2,805.0,0.261,Salaried,1,0
46,712624.0,354409.0,10,4,579.0,0.284,Salaried,0,0
36,614063.0,362907.0,17,3,768.0,0.266,Self-Employed,0,1
42,496284.0,370061.0,20,3,607.0,0.331,Salaried,0,1
52,267719.0,371067.0,9,4,715.0,0.764,Salaried,0,1
52,941652.0,282667.0,16,4,599.0,0.206,Salaried,0,0
56,823050.0,400513.0,14,0,550.0,0.058,Business Owner,0,0
62,772611.0,630238.0,18,2,592.0,0.201,Business Owner,0,0
60,432851.0,237426.0,13,0,597.0,0.066,Self-Employed,2,0
58,501934.0,246282.0,15,3,785.0,0.298,Salaried,0,0
47,946453.0,409301.0,18,0,627.0,0.052,Business Owner,1,0
38,742818.0,489589.0,3,4,619.0,0.294,Business Owner,1,1
37,391697.0,425512.0,3,1,596.0,0.232,Self-Employed,0,0
37,589360.0,485184.0,19,3,673.0,0.302,Salaried,1,0
40,610355.0,295900.0,11,1,673.0,0.124,Salaried,0,0
61,535376.0,268785.0,17,2,721.0,0.21,Self-Employed,1,0
50,371835.0,401068.0,13,0,619.0,0.129,Business Owner,0,0
38,855603.0,403984.0,18,4,577.0,0.244,Business Owner,0,0
55,709338.0,553214.0,3,4,670.0,0.319,Business Owner,0,1
56,536450.0,536239.0,11,3,746.0,0.344,Salaried,0,0
27,233902.0,30375.0,3,1,736.0,0.187,Business Owner,0,1
25,451756.0,419438.0,10,4,595.0,0.466,Salaried,0,0
40,579344.0,203071.0,4,1,635.0,0.111,Salaried,0,0
40,771450.0,20000.0,3,4,702.0,0.211,Salaried,0,0
23,499357.0,361573.0,7,2,628.0,0.247,Salaried,1,1
43,824750.0,277632.0,20,2,561.0,0.137,Self-Employed,0,1
47,611976.0,250730.0,23,2,691.0,0.18,Self-Employed,0,0
56,417509.0,110742.0,10,1,646.0,0.128,Salaried,0,0
46,150000.0,150804.0,22,1,699.0,0.387,Salaried,1,0
59,323272.0,270382.0,23,0,744.0,0.1,Business Owner,2,1
40,253877.0,78779.0,18,1,635.0,0.195,Salaried,0,0
27,548668.0,285921.0,6,1,583.0,0.135,Business Owner,0,0
52,655361.0,318974.0,12,0,613.0,0.058,Salaried,4,0
48,888216.0,279073.0,12,3,738.0,0.173,Self-Employed,1,0
42,579802.0,346514.0,21,4,683.0,0.348,Salaried,1,0
48,327913.0,291522.0,8,0,738.0,0.107,Self-Employed,1,0
30,1100454.0,127899.0,20,2,647.0,0.087,Salaried,0,0
27,651584.0,147041.0,15,3,735.0,0.211,Salaried,0,0
35,525238.0,321539.0,24,4,636.0,0.378,Salaried,1,1
57,525628.0,445647.0,24,1,624.0,0.178,Salaried,2,0
56,286033.0,323732.0,15,0,675.0,0.136,Self-Employed,3,1
45,723532.0,226099.0,5,0,666.0,0.037,Salaried,0,0
32,666007.0,325994.0,21,1,656.0,0.119,Business Owner,0,1
63,933475.0,30594.0,9,4,680.0,0.175,Salaried,2,0
63,826598.0,152205.0,12,4,753.0,0.216,Salaried,1,0
29,775379.0,244369.0,7,0,621.0,0.038,Self-Employed,1,0
51,861350.0,291208.0,3,1,534.0,0.087,Salaried,0,1
44,522161.0,252027.0,2,4,709.0,0.364,Self-Employed,0,1
59,487273.0,260063.0,2,3,828.0,0.31,Business Owner,0,0
35,574167.0,122943.0,0,3,761.0,0.235,Salaried,1,0
42,311156.0,214665.0,21,3,579.0,0.468,Business Owner,0,1
49,554022.0,337457.0,24,1,712.0,0.145,Self-Employed,0,0
49,513225.0,24872.0,18,0,766.0,0.006,Self-Employed,2,0
47,733092.0,120547.0,8,1,749.0,0.074,Salaried,0,0
32,582948.0,248036.0,16,2,824.0,0.188,Business Owner,0,0
43,166520.0,521647.0,17,2,745.0,0.856,Business Owner,2,1
61,593283.0,401144.0,22,2,450.0,0.216,Salaried,0,0
35,898345.0,533898.0,19,1,723.0,0.116,Self-Employed,0,0
31,183184.0,500672.0,5,3,614.0,0.983,Salaried,1,1
43,420108.0,232928.0,16,3,601.0,0.352,Business Owner,0,0
41,591094.0,289571.0,20,3,537.0,0.262,Self-Employed,2,1
37,295757.0,124334.0,6,3,572.0,0.456,Salaried,0,0
64,466876.0,475676.0,13,1,646.0,0.208,Business Owner,2,0
60,600216.0,409009.0,16,0,765.0,0.082,Self-Employed,0,0
25,297819.0,388489.0,4,4,768.0,0.694,Self-Employed,2,1
41,653014.0,399154.0,23,1,730.0,0.135,Salaried,0,0
49,678521.0,368927.0,8,3,776.0,0.242,Business Owner,0,0
41,309651.0,331267.0,11,3,644.0,0.516,Self-Employed,0,1
63,594808.0,341323.0,15,3,608.0,0.271,Self-Employed,0,1
32,826644.0,481190.0,22,0,831.0,0.07,Salaried,2,0
61,550601.0,182285.0,6,0,714.0,0.04,Self-Employed,1,0
32,685336.0,143856.0,21,3,647.0,0.2,Salaried,0,1
59,731194.0,300654.0,6,0,737.0,0.049,Salaried,1,0
62,538207.0,473647.0,19,3,616.0,0.329,Salaried,2,1
32,806265.0,336107.0,21,1,804.0,0.1,Business Owner,0,1
34,674955.0,269552.0,17,4,570.0,0.285,Self-Employed,0,0
25,372434.0,424894.0,9,1,632.0,0.244,Salaried,0,0
59,705606.0,317004.0,23,4,661.0,0.281,Business Owner,0,0
28,781209.0,20000.0,23,0,660.0,0.003,Self-Employed,1,0
47,768235.0,149882.0,12,1,574.0,0.075,Self-Employed,0,0
35,449726.0,20000.0,7,1,746.0,0.094,Salaried,0,0
64,692762.0,267444.0,22,4,727.0,0.277,Business Owner,2,0
49,893842.0,233582.0,1,4,681.0,0.21,Salaried,0,0
28,642871.0,366130.0,2,0,723.0,0.068,Business Owner,0,0
54,852943.0,616174.0,16,3,639.0,0.227,Salaried,0,1
62,878751.0,211412.0,17,0,755.0,0.029,Self-Employed,0,0
45,584816.0,301734.0,18,0,630.0,0.062,Salaried,0,0
54,738377.0,243590.0,2,2,590.0,0.148,Self-Employed,0,0
52,529337.0,20000.0,8,0,662.0,0.005,Business Owner,1,1
45,828439.0,186849.0,9,0,661.0,0.027,Salaried,1,0
56,573656.0,193182.0,3,1,706.0,0.11,Self-Employed,0,0
52,472807.0,341721.0,14,2,732.0,0.256,Salaried,1,1
28,588296.0,175468.0,23,0,815.0,0.036,Business Owner,0,0
52,578107.0,107882.0,17,1,569.0,0.092,Salaried,1,0
45,678279.0,388775.0,13,0,548.0,0.069,Salaried,0,1
40,696721.0,291064.0,17,3,701.0,0.222,Salaried,0,0
47,338229.0,167144.0,24,3,784.0,0.414,Salaried,1,0
48,451290.0,187648.0,4,2,762.0,0.227,Salaried,1,0
26,673938.0,255987.0,23,1,670.0,0.105,Salaried,0,1
31,700763.0,423238.0,2,1,659.0,0.13,Salaried,0,0
55,613995.0,513321.0,24,2,655.0,0.231,Salaried,0,0
21,1174791.0,105646.0,3,3,823.0,0.113,Business Owner,1,0
26,841848.0,475131.0,22,0,663.0,0.068,Salaried,1,0
50,579245.0,309137.0,15,4,706.0,0.34,Business Owner,1,1
29,756596.0,354938.0,24,0,580.0,0.056,Self-Employed,1,1
41,891009.0,446153.0,4,1,754.0,0.105,Salaried,0,0
55,677363.0,157019.0,17,3,669.0,0.205,Self-Employed,2,1
60,213248.0,429389.0,22,0,659.0,0.242,Business Owner,0,1
57,618998.0,106024.0,16,4,656.0,0.279,Salaried,1,1
32,609082.0,231440.0,16,0,670.0,0.046,Business Owner,0,0
35,1067448.0,174139.0,3,0,900.0,0.02,Salaried,3,0
56,194242.0,553105.0,7,4,730.0,1.165,Self-Employed,2,1
55,939052.0,546207.0,17,3,734.0,0.198,Business Owner,1,0
64,564819.0,414496.0,15,3,620.0,0.301,Self-Employed,1,1
53,804349.0,378303.0,1,0,567.0,0.056,Self-Employed,0,0
60,535491.0,222092.0,1,0,507.0,0.05,Self-Employed,0,1
38,638626.0,561510.0,1,3,634.0,0.293,Business Owner,0,1
63,849272.0,510230.0,15,1,695.0,0.119,Salaried,1,1
35,619118.0,436052.0,16,3,700.0,0.278,Salaried,0,0
27,832736.0,285146.0,3,3,564.0,0.185,Salaried,1,1
45,583229.0,249896.0,7,1,734.0,0.12,Salaried,2,0
28,511056.0,289497.0,15,0,636.0,0.068,Salaried,0,0
22,553260.0,500559.0,22,2,773.0,0.253,Salaried,0,1
31,490916.0,161292.0,6,2,661.0,0.202,Salaried,1,1
37,575309.0,320040.0,5,0,685.0,0.067,Business Owner,1,0
36,901604.0,546489.0,13,0,622.0,0.073,Self-Employed,0,0
21,344681.0,434792.0,6,4,626.0,0.616,Self-Employed,1,1
26,236963.0,562908.0,17,1,685.0,0.454,Self-Employed,0,0
26,598386.0,365237.0,6,4,728.0,0.341,Salaried,0,1
27,973257.0,367585.0,5,2,740.0,0.128,Salaried,1,1
54,833106.0,509936.0,23,4,625.0,0.266,Salaried,1,0
21,894005.0,401324.0,1,2,582.0,0.143,Salaried,0,0
35,878317.0,355447.0,10,1,716.0,0.094,Salaried,2,0
62,442966.0,228457.0,3,4,785.0,0.423,Self-Employed,1,0
37,629657.0,83789.0,1,1,642.0,0.079,Business Owner,1,0
36,150000.0,526845.0,20,2,648.0,0.955,Self-Employed,0,1
53,469855.0,243027.0,6,3,646.0,0.317,Salaried,0,0
48,737731.0,194313.0,23,4,709.0,0.248,Business Owner,0,0
31,261733.0,434589.0,15,1,759.0,0.352,Salaried,0,0
40,151059.0,173579.0,14,2,607.0,0.667,Salaried,1,1
42,318825.0,104709.0,10,4,717.0,0.541,Salaried,1,0
53,653018.0,221217.0,2,2,798.0,0.163,Business Owner,1,0
39,862094.0,296876.0,19,0,730.0,0.041,Salaried,1,0
56,1174715.0,346806.0,14,1,621.0,0.069,Salaried,0,0
39,920765.0,382572.0,20,3,566.0,0.18,Salaried,2,0
37,272866.0,450725.0,8,1,686.0,0.345,Business Owner,0,0
35,150000.0,289308.0,12,2,792.0,0.765,Business Owner,0,1
44,640097.0,361103.0,4,4,747.0,0.318,Business Owner,0,1
41,840620.0,290265.0,9,4,799.0,0.232,Salaried,0,0
25,251948.0,211866.0,18,2,654.0,0.418,Salaried,0,1
38,493425.0,366828.0,3,0,688.0,0.089,Salaried,1,0
33,509878.0,359598.0,21,0,619.0,0.085,Salaried,0,0
42,616849.0,582430.0,21,0,728.0,0.113,Business Owner,1,0
30,570298.0,396179.0,13,0,668.0,0.083,Business Owner,1,0
59,723947.0,203661.0,23,1,621.0,0.089,Business Owner,1,0
34,843520.0,395897.0,14,3,653.0,0.199,Business Owner,0,1
43,627076.0,270120.0,2,0,729.0,0.052,Salaried,1,0
35,776805.0,541570.0,23,2,755.0,0.187,Salaried,1,0
46,1050637.0,54291.0,18,1,747.0,0.044,Salaried,0,0
46,387663.0,209141.0,0,2,871.0,0.271,Self-Employed,0,0
37,382359.0,209509.0,11,2,745.0,0.275,Self-Employed,0,0
35,725276.0,325300.0,21,3,611.0,0.219,Business Owner,0,0
51,1021145.0,288240.0,22,3,772.0,0.151,Self-Employed,1,0
35,650741.0,71683.0,23,0,617.0,0.013,Business Owner,0,0
41,854831.0,31141.0,24,2,597.0,0.098,Business Owner,2,1
57,546928.0,334575.0,21,0,743.0,0.073,Salaried,0,0
22,816608.0,524896.0,16,4,639.0,0.273,Business Owner,1,0
21,477593.0,523085.0,13,1,686.0,0.215,Self-Employed,2,1
41,764263.0,248402.0,1,1,645.0,0.091,Salaried,0,1
21,703245.0,375793.0,22,1,671.0,0.121,Business Owner,3,0
45,703498.0,179289.0,13,3,547.0,0.201,Self-Employed,1,0
23,920019.0,93539.0,12,3,758.0,0.143,Self-Employed,2,0
30,852550.0,489416.0,14,3,784.0,0.21,Self-Employed,1,0
59,486380.0,408029.0,9,4,667.0,0.43,Self-Employed,0,1
43,813388.0,258408.0,0,4,786.0,0.235,Self-Employed,1,0
48,245314.0,252589.0,12,2,756.0,0.45,Salaried,0,0
29,837250.0,443813.0,1,4,783.0,0.255,Salaried,0,1
53,1225121.0,355567.0,1,3,805.0,0.133,Self-Employed,2,0
28,737465.0,258279.0,1,3,589.0,0.205,Salaried,0,0
63,733028.0,349845.0,0,3,752.0,0.221,Salaried,0,0
24,635806.0,306704.0,8,1,676.0,0.121,Business Owner,1,0
30,805508.0,247824.0,12,1,748.0,0.087,Salaried,0,0
61,523803.0,202084.0,19,2,666.0,0.199,Salaried,1,0
61,771300.0,445128.0,14,2,853.0,0.173,Salaried,1,0
30,564479.0,238433.0,22,3,821.0,0.263,Salaried,1,0
31,531433.0,133878.0,1,4,687.0,0.331,Salaried,0,1
63,652588.0,575784.0,14,2,724.0,0.228,Business Owner,0,0
43,612527.0,492885.0,19,4,706.0,0.358,Self-Employed,0,0
51,244245.0,385869.0,23,2,709.0,0.517,Business Owner,1,1
50,1083283.0,298780.0,3,4,763.0,0.181,Salaried,0,0
47,657539.0,337475.0,22,1,611.0,0.122,Self-Employed,1,0
56,253897.0,94086.0,5,2,575.0,0.36,Salaried,3,0
28,864209.0,305565.0,2,1,778.0,0.089,Salaried,1,0
31,620985.0,348812.0,11,0,716.0,0.067,Salaried,2,1
27,672330.0,278592.0,2,1,652.0,0.109,Salaried,0,0
41,782967.0,372376.0,19,1,634.0,0.108,Self-Employed,0,0
21,430531.0,194751.0,7,4,570.0,0.426,Salaried,3,1
23,150000.0,334595.0,12,2,666.0,0.801,Self-Employed,1,1
34,605548.0,75960.0,22,1,550.0,0.081,Salaried,1,1
33,680809.0,303543.0,22,1,699.0,0.112,Salaried,0,0
57,848157.0,216481.0,20,0,710.0,0.031,Salaried,0,0
64,461047.0,111059.0,18,3,634.0,0.289,Salaried,2,0
34,568887.0,248080.0,9,0,768.0,0.052,Self-Employed,0,0
60,715424.0,309695.0,14,1,748.0,0.108,Business Owner,2,1
57,557984.0,218651.0,12,1,703.0,0.119,Salaried,0,0
46,572698.0,443129.0,21,2,627.0,0.233,Business Owner,0,0
44,683653.0,203375.0,1,2,634.0,0.153,Salaried,0,0
55,408445.0,444153.0,8,2,610.0,0.326,Business Owner,0,0
25,976055.0,413414.0,18,0,529.0,0.051,Salaried,0,0
60,424607.0,216784.0,14,4,686.0,0.438,Business Owner,0,0
29,635415.0,516955.0,16,4,743.0,0.349,Business Owner,0,0
35,554923.0,105081.0,16,2,563.0,0.167,Salaried,0,1
58,471599.0,384159.0,18,3,713.0,0.352,Salaried,2,1
64,745025.0,315189.0,2,3,664.0,0.212,Self-Employed,0,0
25,849670.0,417893.0,17,1,693.0,0.106,Salaried,1,0
40,947447.0,74542.0,6,4,741.0,0.178,Business Owner,2,0
61,755128.0,129658.0,0,3,757.0,0.18,Salaried,0,0
27,528384.0,182342.0,24,3,628.0,0.269,Salaried,1,0
42,816718.0,307234.0,18,4,743.0,0.241,Business Owner,1,0
44,309030.0,316472.0,7,3,649.0,0.511,Salaried,0,1
21,637472.0,306449.0,5,2,477.0,0.183,Self-Employed,0,1
47,741471.0,265277.0,22,4,845.0,0.259,Salaried,0,0
40,750457.0,199382.0,13,1,685.0,0.085,Salaried,0,0
51,372621.0,101657.0,1,2,656.0,0.247,Salaried,0,0
57,296158.0,239796.0,3,2,790.0,0.367,Salaried,0,0
50,990865.0,380523.0,6,1,718.0,0.086,Salaried,0,0
61,512418.0,452004.0,24,4,636.0,0.418,Salaried,0,1
22,262202.0,228064.0,5,1,698.0,0.257,Salaried,1,0
57,351550.0,460010.0,12,0,708.0,0.157,Self-Employed,0,0
49,626812.0,103222.0,0,0,665.0,0.02,Salaried,1,0
62,883078.0,416308.0,12,0,490.0,0.057,Self-Employed,0,0
61,622484.0,142322.0,18,0,693.0,0.027,Self-Employed,1,0
47,886819.0,337851.0,15,1,605.0,0.091,Salaried,3,0
50,672130.0,161431.0,5,4,597.0,0.267,Salaried,2,1
45,725767.0,159327.0,20,3,685.0,0.192,Self-Employed,1,0
63,838195.0,221682.0,14,4,854.0,0.223,Salaried,0,0
28,538560.0,510443.0,23,3,585.0,0.337,Salaried,2,1
43,686113.0,203917.0,2,4,706.0,0.269,Self-Employed,0,0
58,535310.0,393054.0,1,3,562.0,0.312,Business Owner,1,1
56,480181.0,324517.0,14,1,551.0,0.164,Self-Employed,0,1
38,764425.0,346101.0,6,2,651.0,0.159,Business Owner,0,0
27,439074.0,347655.0,12,0,755.0,0.095,Salaried,3,0
35,637044.0,394043.0,7,2,703.0,0.2,Self-Employed,1,0
60,445077.0,125415.0,11,3,703.0,0.303,Salaried,2,0
34,599180.0,308212.0,12,4,779.0,0.329,Salaried,0,0
40,502414.0,353016.0,19,2,720.0,0.244,Self-Employed,1,0
28,858805.0,216254.0,19,0,633.0,0.03,Salaried,3,1
59,635126.0,354146.0,8,2,604.0,0.193,Business Owner,0,0
41,634191.0,152115.0,22,2,656.0,0.155,Self-Employed,0,0
35,979349.0,408288.0,17,2,709.0,0.132,Self-Employed,2,0
24,150000.0,198939.0,22,4,654.0,1.226,Self-Employed,0,1
48,369554.0,260859.0,20,2,661.0,0.301,Self-Employed,0,0
40,150000.0,418032.0,3,4,635.0,1.401,Salaried,1,1
58,611953.0,460367.0,6,3,616.0,0.286,Self-Employed,0,0
62,709362.0,218638.0,19,2,584.0,0.15,Salaried,1,1
52,754023.0,208318.0,7,2,616.0,0.139,Business Owner,0,0
26,670961.0,446918.0,12,1,824.0,0.14,Salaried,0,0
48,419600.0,20000.0,15,2,767.0,0.196,Salaried,0,1
59,996657.0,498208.0,7,4,792.0,0.221,Self-Employed,0,0
63,677681.0,491406.0,4,2,690.0,0.205,Salaried,0,0
35,552768.0,145490.0,1,2,671.0,0.176,Business Owner,0,0
24,363087.0,476519.0,0,0,746.0,0.157,Salaried,3,0
30,701852.0,354969.0,18,4,650.0,0.289,Salaried,2,0
25,500892.0,368974.0,15,1,772.0,0.168,Self-Employed,1,0
48,509613.0,20000.0,6,0,691.0,0.005,Salaried,0,0
45,653768.0,229596.0,17,1,744.0,0.103,Salaried,0,0
41,655844.0,273354.0,1,3,618.0,0.233,Business Owner,0,0
63,427000.0,241488.0,2,1,827.0,0.162,Salaried,1,0
28,883056.0,244655.0,21,1,697.0,0.079,Salaried,2,0
51,386571.0,259554.0,14,3,734.0,0.391,Salaried,1,0
63,361058.0,20000.0,11,3,621.0,0.339,Salaried,1,1
34,674246.0,272091.0,11,4,625.0,0.286,Salaried,1,1
44,634280.0,199648.0,20,1,737.0,0.101,Salaried,0,0
25,621392.0,288356.0,12,1,549.0,0.12,Self-Employed,0,1
36,515216.0,228400.0,1,4,781.0,0.364,Self-Employed,0,1
40,614871.0,300720.0,23,3,633.0,0.254,Salaried,0,0
53,481474.0,342718.0,20,1,758.0,0.168,Business Owner,0,0
42,242467.0,561653.0,1,2,628.0,0.608,Salaried,2,1
55,766802.0,180211.0,5,2,677.0,0.133,Business Owner,1,0
41,381976.0,548899.0,4,1,688.0,0.277,Salaried,1,1
29,554409.0,265448.0,17,2,754.0,0.202,Business Owner,1,1
48,765487.0,169728.0,2,0,612.0,0.027,Salaried,0,0
27,609846.0,88287.0,18,2,725.0,0.149,Salaried,2,0
33,1207731.0,427653.0,15,1,704.0,0.076,Salaried,1,0
59,296440.0,78228.0,23,3,743.0,0.436,Self-Employed,1,0
59,439575.0,434577.0,21,4,613.0,0.483,Business Owner,0,1
56,623492.0,351542.0,13,4,681.0,0.324,Salaried,0,0
33,902377.0,217219.0,13,4,622.0,0.206,Self-Employed,0,0
50,549109.0,202759.0,1,2,650.0,0.19,Salaried,1,1
25,288722.0,371836.0,0,4,767.0,0.709,Self-Employed,0,1
54,855078.0,323197.0,12,1,776.0,0.092,Salaried,0,0
36,400635.0,409485.0,12,3,606.0,0.422,Salaried,1,1
28,559644.0,300277.0,23,4,668.0,0.35,Business Owner,0,0
62,797068.0,225140.0,2,3,675.0,0.184,Self-Employed,0,0
42,455718.0,379330.0,0,4,604.0,0.451,Salaried,0,1
28,503464.0,124515.0,2,0,649.0,0.03,Business Owner,1,1
50,710019.0,424622.0,20,3,594.0,0.241,Salaried,0,0
33,557765.0,308267.0,7,0,725.0,0.066,Salaried,0,0
50,665498.0,136128.0,15,4,604.0,0.265,Salaried,0,0
61,394092.0,150837.0,21,4,794.0,0.452,Salaried,1,1
36,576001.0,252492.0,3,3,523.0,0.261,Self-Employed,2,0
36,361848.0,32898.0,17,0,726.0,0.011,Self-Employed,0,0
29,259239.0,504882.0,22,1,729.0,0.388,Business Owner,0,0
58,988024.0,442398.0,24,0,628.0,0.054,Salaried,2,1
36,701588.0,139219.0,8,3,544.0,0.195,Salaried,0,0
22,803180.0,283447.0,12,4,694.0,0.242,Salaried,0,0
39,388491.0,549633.0,20,3,582.0,0.479,Self-Employed,0,1
60,595019.0,359431.0,4,2,767.0,0.207,Salaried,0,0
25,556045.0,150652.0,3,3,689.0,0.248,Salaried,4,1
31,288601.0,20000.0,9,0,678.0,0.008,Self-Employed,2,1
62,721337.0,58503.0,8,1,688.0,0.065,Self-Employed,1,0
28,442256.0,475706.0,2,1,740.0,0.22,Self-Employed,0,0
25,556436.0,346729.0,7,2,678.0,0.219,Business Owner,0,0
53,267252.0,106929.0,10,1,723.0,0.198,Business Owner,0,0
24,819435.0,404477.0,19,4,709.0,0.254,Salaried,0,0
64,767991.0,246441.0,15,2,638.0,0.143,Self-Employed,1,0
58,687278.0,201431.0,7,4,768.0,0.268,Salaried,0,1
63,400896.0,222950.0,16,0,807.0,0.067,Self-Employed,0,0
51,482374.0,231376.0,18,3,768.0,0.306,Salaried,1,1
54,869737.0,547066.0,24,2,689.0,0.167,Business Owner,0,0
26,540034.0,160181.0,13,3,734.0,0.258,Business Owner,0,1
61,659633.0,240486.0,9,1,594.0,0.104,Self-Employed,0,0
61,631868.0,497347.0,7,4,613.0,0.348,Salaried,0,1
64,354810.0,522777.0,2,0,609.0,0.177,Salaried,0,0
48,936230.0,154815.0,11,3,632.0,0.148,Salaried,0,0
45,164442.0,606062.0,21,2,746.0,0.929,Self-Employed,0,1
29,650164.0,463399.0,24,4,613.0,0.332,Salaried,2,0
27,581621.0,80071.0,4,2,628.0,0.154,Business Owner,1,0
48,244960.0,567891.0,11,0,558.0,0.278,Salaried,2,1
58,673936.0,80935.0,8,1,623.0,0.074,Salaried,1,0
52,715325.0,401117.0,1,0,545.0,0.067,Business Owner,1,0
38,612258.0,129341.0,3,1,750.0,0.091,Salaried,3,0
48,418787.0,35983.0,2,2,666.0,0.201,Self-Employed,0,1
34,699890.0,426504.0,17,1,752.0,0.13,Salaried,0,0
22,846136.0,362849.0,11,4,787.0,0.241,Salaried,0,0
43,649558.0,287923.0,22,4,716.0,0.3,Self-Employed,0,1
62,980173.0,328639.0,0,4,705.0,0.203,Business Owner,2,0
22,789942.0,284981.0,5,4,689.0,0.246,Salaried,0,1
32,770248.0,261752.0,18,3,644.0,0.197,Self-Employed,1,1
21,906868.0,141377.0,14,1,505.0,0.063,Self-Employed,0,1
38,455513.0,386910.0,10,0,693.0,0.102,Salaried,0,0
32,486367.0,303484.0,0,3,623.0,0.322,Salaried,1,0
28,714488.0,263935.0,16,1,599.0,0.1,Salaried,0,1
47,715347.0,215734.0,17,4,632.0,0.26,Salaried,1,0
58,933158.0,258453.0,5,2,676.0,0.119,Salaried,0,1
53,853202.0,74602.0,3,3,733.0,0.151,Self-Employed,1,0
59,639895.0,254207.0,13,3,599.0,0.235,Salaried,1,0
63,649556.0,153763.0,7,3,578.0,0.213,Business Owner,1,1
56,541081.0,491190.0,24,0,764.0,0.109,Salaried,0,0
56,521641.0,158577.0,13,0,722.0,0.036,Salaried,0,0
24,502760.0,233193.0,10,0,742.0,0.056,Business Owner,1,0
62,801259.0,302538.0,11,4,656.0,0.245,Self-Employed,1,1
24,499016.0,418464.0,0,4,568.0,0.421,Business Owner,1,1
48,524777.0,368750.0,19,0,784.0,0.084,Salaried,0,0
64,638129.0,302514.0,21,1,777.0,0.12,Salaried,0,0
53,490606.0,621509.0,0,4,630.0,0.478,Salaried,0,1
53,553374.0,297736.0,13,4,711.0,0.354,Business Owner,0,1
46,150000.0,348240.0,5,1,765.0,0.545,Salaried,1,1
33,686716.0,706721.0,24,3,876.0,0.298,Salaried,1,0
24,537730.0,167801.0,4,1,775.0,0.112,Business Owner,0,0
49,647641.0,443521.0,2,2,723.0,0.206,Salaried,0,0
23,687054.0,366237.0,9,2,662.0,0.18,Salaried,0,0
44,198515.0,104301.0,20,3,643.0,0.668,Salaried,0,0
54,1136262.0,207506.0,21,1,675.0,0.057,Salaried,0,1
28,644345.0,424229.0,20,0,627.0,0.079,Self-Employed,0,0
29,650551.0,84344.0,24,0,730.0,0.016,Salaried,1,0
60,220599.0,272595.0,15,1,691.0,0.33,Salaried,0,0
55,752258.0,439014.0,24,0,661.0,0.07,Self-Employed,1,0
52,708107.0,264823.0,23,3,600.0,0.214,Salaried,1,0
41,540256.0,339925.0,4,4,689.0,0.372,Business Owner,0,0
62,675920.0,200681.0,21,0,654.0,0.036,Salaried,0,0
21,905598.0,207223.0,5,1,712.0,0.072,Salaried,0,0
32,551624.0,208605.0,22,4,605.0,0.335,Business Owner,3,0
45,428111.0,247816.0,7,0,735.0,0.069,Salaried,0,1
22,921314.0,394138.0,24,4,672.0,0.225,Salaried,1,1
40,688077.0,311457.0,14,1,833.0,0.112,Salaried,2,0
44,591640.0,593482.0,11,0,620.0,0.12,Business Owner,0,0
24,1137576.0,382094.0,20,2,838.0,0.111,Business Owner,1,0
28,666982.0,341407.0,8,1,900.0,0.121,Self-Employed,0,0
32,594025.0,634574.0,12,0,680.0,0.128,Salaried,1,1
63,690914.0,283741.0,18,2,845.0,0.165,Salaried,2,0
34,544038.0,179924.0,0,3,774.0,0.26,Business Owner,1,0
49,679395.0,322839.0,23,3,587.0,0.234,Salaried,1,0
36,664950.0,137806.0,17,2,640.0,0.145,Salaried,1,0
33,487523.0,376898.0,6,3,765.0,0.339,Salaried,1,0
52,574444.0,503188.0,15,4,710.0,0.384,Self-Employed,1,1
57,699374.0,394989.0,6,4,755.0,0.297,Salaried,0,0
28,714986.0,239158.0,9,1,720.0,0.096,Business Owner,0,0
28,758623.0,278513.0,5,1,802.0,0.097,Self-Employed,0,0
40,802827.0,371985.0,13,0,667.0,0.056,Salaried,0,0
42,684586.0,475702.0,11,0,602.0,0.083,Self-Employed,1,0
47,743190.0,240530.0,5,2,633.0,0.146,Salaried,1,1
50,545399.0,238230.0,4,3,684.0,0.272,Salaried,1,0
62,572219.0,461912.0,7,4,614.0,0.376,Salaried,0,0
60,856694.0,332730.0,11,1,684.0,0.093,Self-Employed,0,0
26,193194.0,351478.0,14,0,669.0,0.218,Business Owner,0,1
30,708618.0,372164.0,15,1,661.0,0.119,Salaried,1,1
24,1321998.0,185092.0,9,3,682.0,0.108,Salaried,1,0
62,218450.0,278244.0,8,2,655.0,0.519,Self-Employed,0,1
29,954956.0,458450.0,8,2,764.0,0.141,Salaried,2,0
49,237393.0,276970.0,20,1,694.0,0.309,Salaried,3,0
30,702309.0,270905.0,3,3,747.0,0.217,Salaried,1,0
29,978610.0,344989.0,4,1,571.0,0.083,Business Owner,0,0
28,947156.0,358458.0,21,1,688.0,0.088,Salaried,2,0
63,419353.0,678972.0,8,3,648.0,0.48,Business Owner,0,0
24,331740.0,180092.0,12,4,530.0,0.547,Business Owner,0,1
59,300470.0,321559.0,16,1,848.0,0.262,Salaried,0,0
30,773484.0,600953.0,21,2,581.0,0.197,Self-Employed,1,0
22,528939.0,305834.0,0,2,751.0,0.221,Salaried,0,0
30,615432.0,357285.0,14,1,745.0,0.135,Self-Employed,0,0
36,670347.0,84259.0,8,3,778.0,0.194,Business Owner,0,0
42,703138.0,445807.0,1,1,651.0,0.133,Business Owner,2,0
46,730110.0,430645.0,16,3,482.0,0.235,Self-Employed,0,1
49,639052.0,423089.0,0,3,736.0,0.267,Salaried,1,0
45,258175.0,273977.0,15,3,678.0,0.592,Salaried,1,0
37,931312.0,356070.0,4,1,738.0,0.089,Self-Employed,2,0
34,150000.0,290972.0,17,2,674.0,0.766,Salaried,0,1
28,882361.0,427656.0,9,1,789.0,0.103,Salaried,1,0
38,477565.0,299057.0,18,2,728.0,0.243,Salaried,0,1
25,566495.0,418163.0,4,4,658.0,0.371,Salaried,1,1
40,494783.0,102065.0,21,0,878.0,0.025,Salaried,0,0
32,528155.0,252149.0,8,1,639.0,0.133,Self-Employed,0,0
48,604493.0,20000.0,12,0,513.0,0.004,Self-Employed,0,1
28,547506.0,279053.0,22,3,696.0,0.28,Self-Employed,0,0
46,367375.0,415955.0,14,0,725.0,0.136,Salaried,1,0
42,795634.0,262661.0,0,0,732.0,0.04,Salaried,0,0
40,481085.0,651175.0,17,1,644.0,0.246,Salaried,1,0
59,903990.0,153236.0,1,0,686.0,0.02,Salaried,0,0
39,574811.0,250699.0,21,2,620.0,0.192,Salaried,0,0
52,453115.0,163348.0,17,3,654.0,0.308,Salaried,0,0
25,704453.0,226189.0,7,0,740.0,0.039,Salaried,0,0
29,803676.0,231093.0,18,1,646.0,0.084,Self-Employed,0,0
47,405017.0,81438.0,9,0,744.0,0.024,Salaried,0,0
22,545855.0,155186.0,6,2,667.0,0.181,Self-Employed,2,0
63,922202.0,603364.0,7,3,694.0,0.209,Business Owner,0,1
23,388537.0,261941.0,1,1,661.0,0.184,Self-Employed,0,1
50,421202.0,436797.0,4,1,778.0,0.219,Salaried,0,0
40,644855.0,111651.0,8,4,696.0,0.269,Business Owner,0,0
55,340943.0,283597.0,6,1,624.0,0.217,Salaried,0,0
36,150000.0,380837.0,17,3,697.0,1.105,Business Owner,0,1
63,241245.0,275189.0,7,2,781.0,0.468,Self-Employed,2,0
51,690494.0,224435.0,6,1,708.0,0.097,Business Owner,0,0
23,752187.0,272783.0,10,4,603.0,0.256,Self-Employed,1,0
24,738441.0,305022.0,12,1,626.0,0.104,Salaried,0,0
33,694068.0,424822.0,2,4,604.0,0.304,Salaried,0,1
32,336895.0,480394.0,10,1,794.0,0.29,Self-Employed,0,1
59,757181.0,104124.0,5,4,700.0,0.228,Salaried,2,1
51,861620.0,20000.0,22,3,755.0,0.142,Salaried,0,0
56,454701.0,271894.0,24,1,751.0,0.16,Self-Employed,1,1
45,815572.0,301131.0,15,3,659.0,0.191,Salaried,1,0
27,527522.0,407297.0,3,4,773.0,0.396,Salaried,1,0
43,650180.0,459559.0,8,1,676.0,0.146,Self-Employed,0,0
50,689273.0,201394.0,3,3,711.0,0.209,Business Owner,2,0
60,281572.0,607719.0,9,2,524.0,0.543,Salaried,1,1
37,930970.0,338815.0,13,4,676.0,0.216,Self-Employed,0,0
25,420311.0,36986.0,3,3,651.0,0.296,Salaried,0,1
33,586399.0,443569.0,22,1,622.0,0.159,Salaried,2,0
29,500044.0,341849.0,19,1,699.0,0.162,Self-Employed,1,1
34,709505.0,343242.0,7,4,582.0,0.284,Salaried,0,0
45,703785.0,63153.0,4,1,661.0,0.068,Salaried,1,0
48,613436.0,255180.0,11,0,479.0,0.05,Salaried,1,1
45,919865.0,324178.0,2,2,663.0,0.129,Self-Employed,0,0
21,671025.0,277475.0,21,4,626.0,0.288,Salaried,1,1
64,521044.0,402882.0,8,2,819.0,0.246,Self-Employed,0,0
33,150000.0,487801.0,20,4,696.0,1.457,Salaried,0,1
64,546935.0,527744.0,16,0,728.0,0.116,Business Owner,0,0
22,545104.0,487052.0,15,3,447.0,0.327,Salaried,0,1
46,417349.0,278456.0,13,1,645.0,0.176,Salaried,3,1
51,419676.0,556791.0,15,1,587.0,0.255,Salaried,2,1
54,739520.0,339466.0,0,1,784.0,0.109,Salaried,1,0
57,838904.0,427965.0,3,4,757.0,0.252,Business Owner,0,0
51,1025867.0,264274.0,14,0,689.0,0.031,Business Owner,0,0
30,860368.0,92591.0,8,3,693.0,0.152,Salaried,1,0
26,453367.0,20000.0,18,1,688.0,0.094,Salaried,1,1
49,665415.0,328264.0,2,1,675.0,0.119,Salaried,0,0
47,309096.0,199553.0,18,1,731.0,0.207,Salaried,0,1
42,769801.0,299533.0,8,3,726.0,0.203,Self-Employed,0,0
34,687744.0,433804.0,5,3,667.0,0.25,Salaried,0,1
26,474714.0,72565.0,5,1,621.0,0.103,Salaried,1,0
36,585870.0,37743.0,1,0,808.0,0.008,Self-Employed,2,0
35,553985.0,339288.0,3,1,645.0,0.146,Salaried,0,0
27,469051.0,354986.0,9,4,621.0,0.432,Salaried,1,0
22,899683.0,259861.0,19,2,865.0,0.124,Salaried,0,0
21,1292264.0,222260.0,5,4,688.0,0.144,Self-Employed,2,0
48,790391.0,63097.0,20,3,668.0,0.161,Self-Employed,1,0
58,841972.0,287681.0,23,4,572.0,0.231,Self-Employed,1,0
49,644493.0,189746.0,15,1,598.0,0.097,Business Owner,0,0
52,532355.0,364872.0,17,0,790.0,0.082,Salaried,0,0
34,1092303.0,441744.0,4,4,655.0,0.195,Salaried,0,0
54,528860.0,217518.0,7,0,773.0,0.049,Salaried,0,0
54,696502.0,362495.0,12,0,596.0,0.062,Business Owner,3,0
33,583172.0,328084.0,20,4,748.0,0.342,Business Owner,2,1
21,739374.0,404844.0,24,4,695.0,0.282,Salaried,0,0
39,598587.0,529101.0,15,0,651.0,0.106,Business Owner,1,0
60,739931.0,398942.0,22,0,543.0,0.065,Salaried,1,0
28,330766.0,406389.0,1,0,792.0,0.147,Business Owner,2,0
32,587191.0,418950.0,0,4,696.0,0.358,Self-Employed,2,1
47,910890.0,236941.0,5,0,684.0,0.031,Salaried,0,0
32,382040.0,299474.0,8,1,757.0,0.199,Self-Employed,0,0
57,462565.0,351964.0,6,3,606.0,0.351,Self-Employed,0,1
39,910927.0,485217.0,3,4,800.0,0.24,Salaried,4,0
55,698349.0,493438.0,22,3,752.0,0.257,Self-Employed,1,0
29,844487.0,639292.0,21,4,732.0,0.28,Salaried,1,0
62,150000.0,137667.0,15,0,736.0,0.11,Salaried,1,1
36,641265.0,294330.0,10,2,635.0,0.18,Self-Employed,0,0
32,328538.0,42974.0,4,1,675.0,0.137,Salaried,0,0
39,302951.0,220342.0,21,1,724.0,0.219,Business Owner,1,0
51,699620.0,55296.0,21,1,648.0,0.067,Business Owner,0,0
34,869655.0,474513.0,9,2,797.0,0.157,Business Owner,0,0
26,279623.0,413082.0,9,4,754.0,0.749,Business Owner,1,0
56,365109.0,140253.0,5,4,800.0,0.484,Salaried,0,0
44,480211.0,350520.0,24,3,569.0,0.337,Salaried,0,1
61,580838.0,410537.0,6,0,812.0,0.085,Salaried,0,0
25,315593.0,559790.0,13,2,650.0,0.466,Salaried,1,1
54,1106405.0,424181.0,3,3,628.0,0.154,Salaried,0,0
44,737960.0,319323.0,0,1,666.0,0.106,Salaried,1,0
54,528962.0,286791.0,24,0,802.0,0.065,Salaried,3,0
44,493846.0,393810.0,10,1,726.0,0.177,Business Owner,0,0
24,1120459.0,345845.0,11,0,721.0,0.037,Self-Employed,1,0
36,1101962.0,229159.0,16,1,772.0,0.061,Salaried,0,0
41,499983.0,118546.0,8,0,775.0,0.028,Salaried,3,1
36,684298.0,457805.0,10,3,781.0,0.256,Salaried,1,0
35,885376.0,192991.0,3,2,764.0,0.117,Self-Employed,1,1
52,346072.0,260177.0,16,0,713.0,0.09,Salaried,1,1
25,477651.0,419691.0,1,0,730.0,0.105,Self-Employed,2,0
42,905123.0,292150.0,2,2,580.0,0.127,Salaried,0,1
63,453773.0,469514.0,17,4,676.0,0.477,Self-Employed,1,1
38,511393.0,133160.0,0,3,513.0,0.266,Salaried,0,0
22,309113.0,414117.0,14,3,681.0,0.549,Salaried,3,1
25,438409.0,102305.0,2,2,696.0,0.21,Self-Employed,0,1
62,757534.0,76511.0,0,0,628.0,0.012,Salaried,1,1
33,424075.0,144956.0,15,2,646.0,0.23,Business Owner,0,0
33,317139.0,318012.0,10,1,772.0,0.246,Salaried,1,0
58,466453.0,199723.0,5,3,659.0,0.309,Salaried,0,0
31,996515.0,94656.0,20,3,689.0,0.132,Salaried,1,0
63,643891.0,479562.0,20,0,839.0,0.089,Business Owner,0,0
26,480584.0,156933.0,7,4,713.0,0.372,Salaried,0,0
37,638211.0,283577.0,19,0,760.0,0.053,Salaried,1,0
42,702064.0,338374.0,24,1,723.0,0.115,Salaried,0,0
59,630814.0,229593.0,3,0,732.0,0.044,Self-Employed,2,0
46,204211.0,354489.0,7,1,777.0,0.404,Salaried,0,0
59,669640.0,392733.0,1,1,669.0,0.13,Business Owner,1,1
62,556109.0,285284.0,5,4,746.0,0.349,Business Owner,2,1
30,789688.0,455608.0,16,2,647.0,0.171,Business Owner,0,0
53,303688.0,212077.0,15,4,653.0,0.611,Salaried,0,1
33,834728.0,142424.0,17,1,734.0,0.068,Salaried,1,1
62,492860.0,330800.0,5,2,636.0,0.243,Self-Employed,0,0
51,224443.0,156006.0,22,1,477.0,0.262,Self-Employed,3,1
43,896597.0,356658.0,17,0,666.0,0.048,Salaried,0,0
34,487769.0,285198.0,8,3,786.0,0.316,Self-Employed,2,0
49,684456.0,230515.0,20,3,604.0,0.216,Business Owner,0,0
63,565750.0,386750.0,0,3,730.0,0.294,Business Owner,0,1
26,843410.0,380265.0,3,0,654.0,0.054,Business Owner,0,0
37,845923.0,20000.0,18,3,563.0,0.145,Self-Employed,0,0
57,848048.0,252658.0,19,1,657.0,0.083,Salaried,1,0
53,759176.0,321077.0,14,3,501.0,0.209,Self-Employed,1,1
46,243029.0,373265.0,17,1,776.0,0.349,Salaried,1,0
52,228033.0,218846.0,23,0,651.0,0.115,Business Owner,1,0
37,644824.0,128902.0,10,0,711.0,0.024,Self-Employed,1,0
30,389057.0,318774.0,7,1,681.0,0.201,Salaried,0,1
35,703479.0,401883.0,11,4,563.0,0.296,Salaried,0,0
59,636890.0,20000.0,0,2,649.0,0.129,Salaried,0,0
29,286580.0,75912.0,1,2,774.0,0.311,Business Owner,0,1
35,370123.0,212464.0,1,3,744.0,0.393,Self-Employed,1,1
24,348412.0,20000.0,5,0,650.0,0.007,Business Owner,1,1
25,402988.0,210932.0,22,2,622.0,0.261,Salaried,1,1
46,553807.0,422831.0,7,2,674.0,0.236,Salaried,1,0
23,750738.0,141226.0,8,2,577.0,0.129,Salaried,1,0
55,896647.0,320686.0,9,2,699.0,0.132,Salaried,0,0
40,384293.0,167449.0,1,3,550.0,0.365,Salaried,1,1
48,474578.0,363129.0,8,3,620.0,0.345,Self-Employed,1,1
48,944429.0,397044.0,0,2,746.0,0.135,Salaried,2,0
64,798026.0,494698.0,18,3,679.0,0.225,Business Owner,0,0
32,651441.0,311142.0,15,1,627.0,0.119,Salaried,1,0
32,150000.0,457079.0,0,0,690.0,0.366,Salaried,0,1
58,375888.0,359770.0,9,4,658.0,0.541,Salaried,0,1
46,634642.0,229121.0,15,2,699.0,0.169,Self-Employed,0,1
32,468426.0,520264.0,18,4,765.0,0.475,Salaried,1,0
22,1041254.0,210423.0,24,3,671.0,0.139,Salaried,1,0
58,619476.0,325199.0,15,2,545.0,0.192,Business Owner,0,1
29,662265.0,665692.0,24,4,713.0,0.362,Self-Employed,4,1
22,355231.0,429740.0,5,3,616.0,0.483,Self-Employed,0,1
63,367481.0,176879.0,16,1,770.0,0.167,Self-Employed,2,1
32,451260.0,343943.0,15,0,757.0,0.091,Salaried,0,0
22,460221.0,217168.0,3,3,678.0,0.317,Salaried,0,0
28,547302.0,278220.0,9,3,716.0,0.28,Business Owner,2,0
37,682292.0,74767.0,4,4,564.0,0.248,Business Owner,0,1
40,651972.0,332447.0,16,2,542.0,0.184,Self-Employed,0,1
42,821783.0,67709.0,8,4,652.0,0.205,Salaried,2,0
36,298727.0,355073.0,6,4,706.0,0.678,Salaried,0,1
49,645993.0,355638.0,2,2,787.0,0.19,Salaried,0,0
38,652468.0,426261.0,7,3,626.0,0.262,Business Owner,0,0
38,952058.0,632973.0,16,2,606.0,0.164,Salaried,0,0
58,550673.0,52123.0,4,0,612.0,0.011,Self-Employed,0,0
43,671636.0,121069.0,19,4,621.0,0.26,Business Owner,1,0
46,417790.0,150462.0,3,2,693.0,0.235,Business Owner,0,0
33,693213.0,214832.0,16,4,567.0,0.268,Business Owner,0,1
47,687516.0,431359.0,10,4,739.0,0.308,Salaried,0,0
50,459532.0,249352.0,20,1,576.0,0.152,Salaried,0,0
38,501580.0,212079.0,15,0,858.0,0.051,Self-Employed,0,0
41,592045.0,130754.0,15,0,669.0,0.027,Salaried,1,0
56,728100.0,205382.0,14,3,687.0,0.199,Salaried,0,1
34,343641.0,233975.0,17,4,549.0,0.547,Salaried,2,1
43,795831.0,283973.0,4,1,702.0,0.093,Business Owner,1,0
24,525321.0,85245.0,20,3,529.0,0.248,Business Owner,1,1
53,1021425.0,288090.0,9,2,746.0,0.112,Self-Employed,0,0
28,923962.0,384303.0,15,3,629.0,0.18,Self-Employed,0,0
61,509290.0,351577.0,10,4,699.0,0.397,Salaried,0,1
36,459899.0,112900.0,5,3,720.0,0.29,Salaried,0,0
47,1145774.0,422325.0,5,4,753.0,0.184,Salaried,1,1
52,739340.0,419851.0,15,0,786.0,0.068,Salaried,1,0
40,725531.0,344277.0,15,1,769.0,0.112,Self-Employed,0,0
29,505175.0,115842.0,24,4,738.0,0.344,Salaried,3,0
32,570463.0,79164.0,8,3,631.0,0.227,Business Owner,0,0
50,778456.0,305528.0,11,0,590.0,0.047,Business Owner,0,0
61,736320.0,145683.0,2,1,738.0,0.078,Salaried,0,1
59,415329.0,99370.0,2,3,706.0,0.318,Self-Employed,0,0
54,875873.0,433160.0,17,2,639.0,0.151,Self-Employed,0,0
57,667978.0,436156.0,15,2,675.0,0.198,Salaried,0,0
56,387966.0,395795.0,4,0,754.0,0.122,Salaried,0,0
36,820734.0,495763.0,21,3,751.0,0.219,Self-Employed,2,0
30,560479.0,434730.0,8,3,632.0,0.307,Salaried,1,0
59,773618.0,126284.0,20,4,576.0,0.226,Salaried,1,0
40,476387.0,471347.0,19,0,529.0,0.119,Salaried,1,0
49,680040.0,317630.0,2,2,643.0,0.174,Salaried,1,0
59,238628.0,365922.0,3,0,655.0,0.184,Business Owner,1,0
57,682495.0,534503.0,18,3,575.0,0.27,Salaried,0,0
31,261714.0,365963.0,13,0,764.0,0.168,Salaried,0,0
62,635873.0,535548.0,7,1,829.0,0.164,Salaried,1,0
56,150000.0,308239.0,14,4,619.0,1.313,Self-Employed,0,1
21,585322.0,242639.0,18,4,738.0,0.323,Salaried,1,1
44,760181.0,193914.0,6,3,671.0,0.188,Self-Employed,1,0
21,707334.0,279462.0,22,1,725.0,0.104,Salaried,0,0
30,865385.0,47775.0,2,3,694.0,0.145,Salaried,2,0
49,361116.0,290413.0,11,3,674.0,0.429,Salaried,0,0
37,947944.0,281659.0,10,4,755.0,0.204,Business Owner,1,0
47,956279.0,219711.0,3,3,736.0,0.153,Self-Employed,0,0
24,332821.0,20000.0,5,3,648.0,0.368,Salaried,0,0
26,422826.0,20000.0,16,4,719.0,0.384,Business Owner,0,0
50,472578.0,405500.0,9,0,633.0,0.103,Salaried,0,0
30,594345.0,156173.0,24,2,677.0,0.166,Salaried,2,1
52,640710.0,505314.0,3,0,728.0,0.095,Business Owner,0,0
30,150000.0,192686.0,21,2,717.0,0.687,Business Owner,0,0
22,731188.0,353709.0,9,0,558.0,0.058,Salaried,1,0
22,542717.0,83124.0,4,3,727.0,0.239,Business Owner,1,1
34,373185.0,204146.0,23,0,586.0,0.066,Business Owner,1,0
22,810216.0,266797.0,17,4,698.0,0.237,Salaried,0,0
54,522714.0,386855.0,0,0,736.0,0.089,Salaried,2,0
23,851546.0,552113.0,16,4,563.0,0.266,Salaried,1,0
29,717551.0,444352.0,14,1,596.0,0.13,Business Owner,0,0
48,528112.0,82243.0,18,2,745.0,0.17,Business Owner,1,0
44,859431.0,300856.0,10,1,705.0,0.089,Salaried,0,0
47,778047.0,274725.0,24,3,517.0,0.197,Business Owner,1,1
56,486921.0,204439.0,21,2,756.0,0.215,Salaried,0,0
49,241230.0,388134.0,4,0,632.0,0.193,Salaried,0,0
46,477690.0,536660.0,19,2,588.0,0.302,Self-Employed,1,1
33,735922.0,231502.0,18,1,701.0,0.092,Salaried,0,0
26,546147.0,467578.0,11,3,631.0,0.322,Salaried,1,0
63,990388.0,509390.0,9,2,684.0,0.142,Salaried,0,0
61,656834.0,140632.0,6,2,701.0,0.147,Salaried,0,1
50,642137.0,566105.0,4,4,872.0,0.355,Salaried,0,0
53,688448.0,553117.0,23,4,754.0,0.329,Business Owner,1,0
42,402994.0,344430.0,18,0,701.0,0.103,Salaried,1,0
45,571747.0,556482.0,20,3,688.0,0.327,Salaried,0,0
51,452171.0,337744.0,12,3,708.0,0.355,Business Owner,1,0
35,150000.0,472951.0,22,0,719.0,0.378,Salaried,1,0
41,204319.0,397789.0,9,2,631.0,0.625,Salaried,2,1
46,762476.0,170688.0,2,2,721.0,0.132,Salaried,1,0
58,500349.0,339416.0,10,0,626.0,0.081,Self-Employed,0,0
38,571718.0,274927.0,9,1,636.0,0.128,Business Owner,0,0
23,270970.0,225963.0,1,2,674.0,0.395,Salaried,0,1
26,468275.0,127058.0,11,3,761.0,0.289,Business Owner,0,0
24,772526.0,182969.0,10,3,746.0,0.184,Salaried,0,0
26,620251.0,115025.0,7,0,447.0,0.022,Self-Employed,1,1
57,483676.0,470763.0,18,0,776.0,0.117,Self-Employed,0,0
22,938165.0,20000.0,5,4,685.0,0.173,Salaried,0,0
52,585391.0,311646.0,8,0,687.0,0.064,Business Owner,0,1
28,521123.0,208285.0,8,3,795.0,0.278,Salaried,0,0
31,852665.0,112535.0,12,4,624.0,0.203,Salaried,0,0
31,213964.0,408946.0,4,4,598.0,0.977,Salaried,0,1
43,721026.0,180336.0,0,0,524.0,0.03,Business Owner,1,1
48,351527.0,481282.0,23,1,587.0,0.278,Self-Employed,0,1
47,423932.0,273258.0,19,1,745.0,0.172,Salaried,0,0
46,447050.0,350079.0,22,4,616.0,0.452,Salaried,3,1
26,627384.0,280537.0,2,4,598.0,0.309,Salaried,0,1
46,622558.0,397626.0,15,0,710.0,0.077,Salaried,0,0
24,666047.0,441015.0,17,2,600.0,0.2,Business Owner,1,0
57,645005.0,232604.0,14,3,620.0,0.229,Salaried,0,0
23,909643.0,298721.0,3,2,616.0,0.127,Business Owner,0,0
25,973620.0,563984.0,24,0,711.0,0.07,Salaried,0,1
29,756022.0,213902.0,23,1,624.0,0.087,Salaried,0,0
38,766642.0,571662.0,12,4,639.0,0.298,Salaried,0,0
58,515591.0,241011.0,21,0,664.0,0.056,Salaried,1,1
24,355023.0,216369.0,19,1,534.0,0.186,Salaried,1,0
29,729983.0,46823.0,2,1,658.0,0.062,Business Owner,0,0
39,606817.0,172778.0,0,3,536.0,0.232,Self-Employed,1,1
30,789073.0,38601.0,12,3,584.0,0.158,Salaried,0,0
24,194354.0,214249.0,10,1,640.0,0.338,Salaried,0,1
45,1192782.0,403817.0,24,2,687.0,0.108,Salaried,0,0
23,317172.0,290855.0,4,3,657.0,0.488,Salaried,1,1
52,606869.0,209535.0,17,2,760.0,0.173,Salaried,1,0
25,818842.0,145918.0,2,2,686.0,0.119,Salaried,1,1
40,292373.0,196853.0,13,0,722.0,0.081,Salaried,1,0
38,476515.0,81739.0,21,1,639.0,0.105,Salaried,0,0
54,151400.0,109457.0,5,0,626.0,0.087,Salaried,1,1
54,282103.0,592105.0,18,0,809.0,0.252,Salaried,2,0
41,169646.0,336059.0,0,4,548.0,1.181,Self-Employed,2,1
33,622346.0,162506.0,8,4,769.0,0.288,Self-Employed,0,0
58,664504.0,400708.0,1,2,618.0,0.193,Self-Employed,0,0
53,529013.0,525059.0,3,2,729.0,0.27,Salaried,1,1
32,879483.0,204289.0,4,1,575.0,0.073,Salaried,0,0
31,907257.0,283749.0,19,1,716.0,0.082,Self-Employed,1,0
59,597931.0,111515.0,2,3,701.0,0.223,Salaried,0,0
33,550580.0,60599.0,8,3,511.0,0.231,Self-Employed,0,1
27,538751.0,506901.0,21,0,626.0,0.113,Salaried,1,1
41,499187.0,813908.0,19,3,727.0,0.436,Salaried,3,0
45,889192.0,188941.0,10,0,757.0,0.025,Salaried,1,0
24,652359.0,56081.0,15,4,700.0,0.256,Salaried,0,0
62,526150.0,512887.0,24,0,632.0,0.117,Business Owner,2,1
40,549374.0,458641.0,18,3,673.0,0.319,Salaried,2,0
48,720785.0,371375.0,10,2,575.0,0.173,Business Owner,0,1
46,511516.0,520890.0,14,4,598.0,0.435,Salaried,0,1
61,669544.0,249180.0,6,0,694.0,0.045,Salaried,0,0
57,591954.0,341445.0,24,3,676.0,0.272,Business Owner,1,0
38,900235.0,418529.0,20,2,732.0,0.145,Business Owner,0,0
23,856957.0,252877.0,6,3,691.0,0.175,Self-Employed,0,0
48,286055.0,371482.0,17,2,723.0,0.436,Self-Employed,1,1
56,564559.0,264198.0,21,3,669.0,0.269,Salaried,0,0
58,757824.0,368125.0,22,1,725.0,0.111,Self-Employed,0,0
46,500678.0,324068.0,15,4,870.0,0.397,Salaried,0,0
44,779809.0,20000.0,17,4,600.0,0.208,Self-Employed,0,0
46,674616.0,313333.0,17,0,688.0,0.056,Self-Employed,1,1
27,731678.0,85184.0,11,2,641.0,0.123,Salaried,0,0
23,586408.0,171900.0,24,1,717.0,0.103,Self-Employed,1,0
41,667768.0,50001.0,0,0,714.0,0.009,Self-Employed,1,1
59,716445.0,421928.0,0,2,614.0,0.182,Salaried,0,0
34,274638.0,250387.0,3,1,691.0,0.255,Salaried,1,0
33,397542.0,241623.0,6,3,695.0,0.375,Self-Employed,0,1
64,374914.0,486608.0,20,3,670.0,0.476,Self-Employed,1,0
45,973237.0,406224.0,18,1,704.0,0.091,Business Owner,0,0
25,667572.0,267338.0,16,3,788.0,0.228,Self-Employed,0,0
44,683061.0,20000.0,19,2,727.0,0.121,Salaried,0,0
22,638969.0,398454.0,3,2,659.0,0.2,Self-Employed,1,0
61,485811.0,259762.0,6,1,698.0,0.147,Salaried,1,0
55,435605.0,244805.0,19,1,837.0,0.159,Salaried,1,0
47,788620.0,409683.0,11,0,631.0,0.062,Self-Employed,0,0
64,518010.0,204849.0,24,2,768.0,0.202,Business Owner,0,0
64,950508.0,287064.0,21,1,628.0,0.078,Salaried,0,0
37,644162.0,432656.0,21,4,554.0,0.329,Salaried,0,0
31,621167.0,385218.0,24,4,626.0,0.332,Salaried,0,1
33,552375.0,207343.0,6,3,707.0,0.262,Salaried,2,1
50,584564.0,517506.0,24,1,661.0,0.175,Salaried,0,0
31,608553.0,471842.0,3,4,625.0,0.356,Business Owner,1,0
46,937824.0,583066.0,5,1,618.0,0.117,Self-Employed,0,0
42,1117859.0,291489.0,14,2,604.0,0.103,Salaried,1,0
43,345845.0,331915.0,9,1,596.0,0.231,Self-Employed,1,1
55,657680.0,457686.0,10,3,632.0,0.266,Self-Employed,2,0
48,757911.0,365821.0,10,0,484.0,0.058,Self-Employed,1,1
44,401549.0,320708.0,14,2,713.0,0.295,Salaried,0,0
45,461334.0,284680.0,12,1,702.0,0.161,Salaried,1,1
38,500230.0,254599.0,16,2,687.0,0.221,Business Owner,1,0
35,150000.0,202277.0,21,4,751.0,1.228,Salaried,0,1
57,745279.0,203351.0,18,4,633.0,0.247,Business Owner,2,1
49,591293.0,361034.0,12,1,679.0,0.141,Salaried,1,0
37,581015.0,254365.0,24,3,475.0,0.259,Salaried,1,1
24,619751.0,88448.0,7,2,694.0,0.146,Salaried,1,0
56,656796.0,308105.0,21,4,648.0,0.3,Salaried,0,0
42,1113116.0,548735.0,15,2,726.0,0.131,Self-Employed,0,0
55,641858.0,504107.0,3,3,745.0,0.281,Business Owner,1,0
40,786213.0,20000.0,19,4,665.0,0.207,Salaried,0,0
49,487057.0,173376.0,19,3,579.0,0.289,Salaried,0,1
30,679917.0,416801.0,15,3,705.0,0.25,Self-Employed,1,0
28,532621.0,312265.0,3,3,745.0,0.296,Salaried,3,1
45,569121.0,310958.0,23,3,750.0,0.276,Salaried,0,0
53,402654.0,280929.0,21,2,637.0,0.282,Business Owner,0,0
50,421960.0,309212.0,24,1,606.0,0.183,Business Owner,0,1
51,703025.0,148034.0,22,4,657.0,0.253,Business Owner,0,1
26,767119.0,477729.0,18,2,597.0,0.179,Self-Employed,1,0
54,704189.0,144337.0,24,2,509.0,0.138,Salaried,1,0
34,454258.0,279206.0,22,0,707.0,0.074,Business Owner,0,0
45,672475.0,530446.0,24,3,712.0,0.273,Salaried,2,0
23,150000.0,463211.0,2,0,729.0,0.371,Self-Employed,0,0
26,811038.0,299652.0,18,4,610.0,0.242,Self-Employed,0,0
47,594503.0,299625.0,14,2,675.0,0.195,Salaried,2,0
63,662839.0,211356.0,24,2,582.0,0.159,Salaried,1,1
24,860265.0,225974.0,0,4,561.0,0.218,Salaried,0,0
29,510191.0,265424.0,20,2,714.0,0.219,Self-Employed,0,0
31,815141.0,501136.0,6,2,534.0,0.172,Business Owner,0,1
52,506568.0,236244.0,13,4,650.0,0.372,Salaried,2,0
40,723940.0,385732.0,16,0,862.0,0.064,Salaried,0,0
56,514044.0,365540.0,8,4,773.0,0.397,Salaried,1,0
40,671166.0,362009.0,17,3,730.0,0.244,Salaried,0,0
61,924516.0,259589.0,21,3,725.0,0.163,Self-Employed,1,0
22,460724.0,411456.0,20,1,662.0,0.194,Business Owner,0,0
46,469722.0,325802.0,22,0,631.0,0.083,Self-Employed,1,1
62,532475.0,316591.0,20,1,836.0,0.146,Self-Employed,0,0
53,671219.0,231399.0,22,0,662.0,0.041,Business Owner,2,1
31,1211729.0,20000.0,6,4,631.0,0.134,Self-Employed,0,0
28,477513.0,411345.0,3,2,730.0,0.271,Salaried,0,0
47,154847.0,415447.0,11,2,673.0,0.839,Business Owner,0,1
25,461208.0,227444.0,24,0,780.0,0.059,Salaried,0,0
30,256205.0,276241.0,19,4,628.0,0.754,Self-Employed,0,1
44,482311.0,345680.0,14,3,613.0,0.335,Salaried,1,0
47,609706.0,157725.0,5,4,647.0,0.293,Self-Employed,0,0
60,394465.0,408796.0,24,1,804.0,0.226,Salaried,0,0
36,455807.0,409574.0,22,0,752.0,0.108,Salaried,0,0
31,193952.0,430553.0,19,0,700.0,0.266,Salaried,1,0
35,646224.0,441023.0,0,3,686.0,0.268,Self-Employed,1,0
46,441223.0,20102.0,7,3,706.0,0.277,Salaried,1,1
41,846118.0,381590.0,9,2,603.0,0.149,Business Owner,1,1
22,838438.0,238137.0,11,0,719.0,0.034,Salaried,1,0
46,414947.0,469649.0,1,0,641.0,0.136,Business Owner,0,1
54,525186.0,461749.0,4,2,698.0,0.258,Self-Employed,1,0
47,618892.0,425665.0,7,3,681.0,0.276,Salaried,1,0
44,774297.0,291616.0,19,1,704.0,0.097,Business Owner,2,0
51,238260.0,721463.0,21,2,644.0,0.699,Business Owner,0,1
43,591533.0,296291.0,22,1,755.0,0.128,Salaried,1,0
32,1018535.0,148724.0,24,3,708.0,0.135,Salaried,0,0
27,588058.0,449140.0,18,2,620.0,0.228,Business Owner,1,0
25,656699.0,88768.0,10,0,715.0,0.016,Salaried,0,0
38,608224.0,591218.0,3,1,653.0,0.182,Salaried,0,1
32,345174.0,456278.0,5,0,710.0,0.159,Self-Employed,0,0
50,817932.0,502842.0,21,0,747.0,0.074,Business Owner,1,0
35,667729.0,461172.0,8,3,642.0,0.263,Salaried,1,0
45,644634.0,365693.0,22,2,678.0,0.192,Salaried,1,0
47,769009.0,109355.0,20,2,686.0,0.121,Business Owner,0,0
53,782489.0,216664.0,4,1,683.0,0.084,Salaried,0,0
39,191006.0,390070.0,4,0,840.0,0.245,Salaried,2,0
36,715411.0,276159.0,0,1,708.0,0.102,Salaried,0,0
34,480594.0,361524.0,19,3,591.0,0.34,Business Owner,1,0
50,644590.0,204713.0,11,3,689.0,0.224,Self-Employed,0,0
25,451987.0,189311.0,7,3,638.0,0.316,Business Owner,0,0
49,418600.0,350789.0,3,0,872.0,0.101,Self-Employed,0,0
47,819853.0,416651.0,6,2,631.0,0.159,Salaried,1,0
30,608231.0,307104.0,19,4,594.0,0.324,Self-Employed,0,0
25,547914.0,161162.0,22,3,738.0,0.254,Salaried,0,1
35,546924.0,58932.0,5,1,640.0,0.086,Salaried,1,1
43,628464.0,607118.0,5,0,651.0,0.116,Business Owner,0,0
32,607266.0,136438.0,11,4,663.0,0.29,Business Owner,1,1
51,150000.0,176205.0,23,4,628.0,1.208,Self-Employed,1,1
48,419106.0,197458.0,5,0,649.0,0.057,Self-Employed,0,0
48,559538.0,438597.0,11,0,509.0,0.094,Salaried,0,0
37,776445.0,192829.0,7,3,673.0,0.184,Salaried,1,0
28,912520.0,386627.0,24,0,732.0,0.051,Salaried,0,0
42,406579.0,349008.0,0,2,828.0,0.3,Business Owner,0,0
36,1040087.0,134969.0,18,2,687.0,0.092,Self-Employed,0,0
56,634226.0,328267.0,8,1,747.0,0.125,Salaried,1,0
62,721659.0,122660.0,20,4,625.0,0.242,Self-Employed,1,0
22,496490.0,280322.0,19,2,797.0,0.229,Salaried,1,0
24,481143.0,414135.0,13,4,858.0,0.436,Salaried,0,0
41,931651.0,268779.0,8,2,709.0,0.12,Self-Employed,0,0
50,567093.0,168335.0,24,2,656.0,0.177,Business Owner,0,0
26,593052.0,241342.0,14,4,687.0,0.319,Business Owner,0,1
40,871416.0,275664.0,17,1,804.0,0.084,Salaried,0,0
41,996215.0,352872.0,14,3,585.0,0.163,Business Owner,0,1
47,286117.0,20000.0,10,3,783.0,0.428,Salaried,0,0
55,575415.0,28277.0,8,1,605.0,0.075,Salaried,2,1
38,614862.0,374875.0,1,0,618.0,0.073,Salaried,0,0
24,1017537.0,284212.0,18,2,704.0,0.112,Salaried,2,0
26,1161567.0,302976.0,4,3,734.0,0.135,Salaried,1,0
50,607124.0,332734.0,12,0,759.0,0.066,Salaried,0,0
45,700890.0,276614.0,21,0,795.0,0.047,Business Owner,1,0
62,809820.0,233271.0,18,0,594.0,0.035,Self-Employed,0,0
21,873158.0,316487.0,23,0,689.0,0.043,Salaried,1,0
62,549306.0,398992.0,1,4,744.0,0.378,Business Owner,1,1
59,808992.0,350321.0,0,2,705.0,0.151,Salaried,1,0
54,466141.0,302639.0,23,0,772.0,0.078,Salaried,1,0
56,150000.0,144850.0,10,2,686.0,0.649,Self-Employed,2,1
27,316586.0,334402.0,5,0,660.0,0.127,Salaried,2,0
37,668610.0,127631.0,11,1,507.0,0.083,Salaried,1,1
27,794237.0,199479.0,20,2,536.0,0.131,Salaried,0,0
44,150000.0,321388.0,4,1,745.0,0.524,Salaried,0,1
39,223995.0,316588.0,20,2,593.0,0.527,Salaried,0,1
44,615800.0,461400.0,0,4,707.0,0.35,Self-Employed,2,1
55,150000.0,429946.0,13,0,734.0,0.344,Salaried,1,1
64,746630.0,371614.0,21,3,674.0,0.22,Salaried,0,1
58,851883.0,251183.0,14,2,763.0,0.129,Salaried,0,0
22,150000.0,297249.0,20,1,632.0,0.504,Business Owner,0,1
41,794122.0,263194.0,14,1,730.0,0.09,Business Owner,0,0
34,582895.0,556386.0,22,0,673.0,0.115,Salaried,0,0
48,938511.0,367448.0,14,4,566.0,0.217,Salaried,1,0
38,688331.0,202942.0,7,3,526.0,0.21,Salaried,0,0
40,573981.0,174084.0,17,1,668.0,0.106,Salaried,0,0
55,653580.0,483404.0,22,4,811.0,0.334,Salaried,1,0
55,834650.0,170481.0,11,0,774.0,0.025,Self-Employed,0,0
53,669848.0,353951.0,24,3,720.0,0.243,Self-Employed,0,0
33,637189.0,325993.0,19,1,746.0,0.124,Self-Employed,1,0
39,310341.0,457543.0,19,1,754.0,0.306,Salaried,0,0
40,735449.0,169916.0,5,4,664.0,0.245,Salaried,1,1
21,636029.0,368286.0,8,0,786.0,0.069,Salaried,1,0
45,1035254.0,329851.0,12,0,704.0,0.038,Business Owner,0,0
49,627015.0,418132.0,9,3,643.0,0.271,Business Owner,1,0
21,610987.0,501466.0,7,4,900.0,0.36,Business Owner,1,0
38,492234.0,315314.0,12,0,735.0,0.077,Self-Employed,3,1
30,790138.0,266976.0,20,0,673.0,0.041,Salaried,2,0
26,585784.0,430238.0,22,3,743.0,0.293,Self-Employed,2,0
62,475543.0,91582.0,9,3,587.0,0.275,Self-Employed,1,0
48,984553.0,328281.0,12,0,587.0,0.04,Salaried,0,0
62,1024165.0,154949.0,18,0,834.0,0.018,Self-Employed,1,0
40,531522.0,121518.0,10,1,732.0,0.103,Salaried,0,0
23,405672.0,66466.0,23,4,598.0,0.414,Salaried,0,1
34,880667.0,55473.0,1,0,555.0,0.008,Salaried,1,0
23,447665.0,423546.0,1,4,674.0,0.471,Business Owner,0,0
32,1255162.0,430010.0,8,0,600.0,0.041,Salaried,0,0
49,602257.0,316149.0,11,3,786.0,0.262,Self-Employed,0,1
43,844894.0,454227.0,5,1,530.0,0.112,Self-Employed,0,0
47,346148.0,305457.0,16,1,778.0,0.221,Salaried,1,0
31,624897.0,227697.0,11,1,601.0,0.108,Self-Employed,1,0
35,874132.0,141073.0,14,2,582.0,0.111,Self-Employed,0,0
38,729974.0,414973.0,11,3,684.0,0.233,Self-Employed,0,0
29,514366.0,421924.0,12,3,580.0,0.332,Salaried,0,0
62,1174849.0,488314.0,4,2,634.0,0.118,Business Owner,0,0
54,796418.0,183043.0,19,4,636.0,0.228,Salaried,0,0
42,582779.0,259657.0,2,4,488.0,0.328,Business Owner,0,1
48,499861.0,101732.0,5,2,586.0,0.184,Salaried,0,1
32,573826.0,471299.0,15,1,707.0,0.168,Self-Employed,1,0
52,931994.0,406738.0,4,4,515.0,0.224,Business Owner,0,1
43,463090.0,377862.0,6,2,571.0,0.271,Business Owner,0,1
23,640830.0,299617.0,15,4,606.0,0.306,Salaried,0,0
61,452441.0,280287.0,16,3,752.0,0.34,Business Owner,0,1
53,910925.0,248234.0,3,2,752.0,0.121,Self-Employed,0,0
59,597795.0,463996.0,14,2,798.0,0.227,Self-Employed,0,0
63,824377.0,208775.0,4,2,603.0,0.127,Business Owner,0,1
50,759205.0,434189.0,21,1,744.0,0.121,Self-Employed,1,0
58,505567.0,345110.0,3,1,698.0,0.161,Self-Employed,1,1
60,788733.0,153679.0,6,3,576.0,0.176,Business Owner,0,0
34,841667.0,88355.0,3,4,720.0,0.203,Self-Employed,1,0
54,380413.0,186845.0,24,4,678.0,0.48,Salaried,0,0
39,789485.0,297135.0,11,3,626.0,0.197,Business Owner,0,0
50,1420944.0,111336.0,21,4,593.0,0.122,Business Owner,0,0
61,568408.0,395667.0,10,4,550.0,0.365,Salaried,0,1
39,775505.0,471385.0,12,1,719.0,0.125,Business Owner,2,0
64,338853.0,383403.0,13,0,714.0,0.136,Salaried,1,0
27,735968.0,52122.0,8,2,656.0,0.117,Salaried,1,0
60,503975.0,20000.0,21,4,648.0,0.322,Business Owner,0,0
53,804046.0,431707.0,5,2,631.0,0.164,Self-Employed,1,0
22,622949.0,523819.0,15,2,739.0,0.229,Self-Employed,0,0
48,373634.0,243721.0,14,4,694.0,0.507,Salaried,2,1
58,877866.0,380370.0,21,0,537.0,0.052,Business Owner,3,1
63,586390.0,262879.0,4,1,686.0,0.122,Self-Employed,1,0
25,409356.0,208270.0,23,0,716.0,0.061,Salaried,2,0
35,648917.0,450292.0,8,1,631.0,0.145,Self-Employed,1,0
46,420134.0,221230.0,17,4,641.0,0.444,Salaried,1,0
59,721920.0,429186.0,1,3,632.0,0.238,Salaried,0,0
33,620215.0,558506.0,2,3,729.0,0.302,Self-Employed,1,0
30,552157.0,284836.0,16,4,647.0,0.352,Salaried,0,1
56,782123.0,580990.0,15,2,676.0,0.191,Self-Employed,0,0
62,350994.0,107994.0,15,4,686.0,0.493,Salaried,0,1
22,849849.0,439375.0,1,2,802.0,0.156,Self-Employed,2,0
64,189569.0,304331.0,16,0,559.0,0.193,Business Owner,0,1
49,990860.0,684353.0,4,1,865.0,0.123,Salaried,0,0
23,674666.0,309217.0,21,2,582.0,0.174,Business Owner,3,0
40,575766.0,184830.0,9,0,661.0,0.039,Business Owner,0,0
35,470994.0,544727.0,13,1,614.0,0.224,Salaried,0,1
39,755824.0,75209.0,22,3,689.0,0.171,Salaried,0,0
64,598897.0,368871.0,9,3,723.0,0.274,Salaried,0,0
54,594824.0,189374.0,7,0,865.0,0.038,Business Owner,0,0
63,863542.0,508633.0,6,2,774.0,0.163,Salaried,1,0
57,537933.0,287583.0,10,2,625.0,0.213,Salaried,1,1
50,581907.0,430776.0,13,1,697.0,0.158,Salaried,2,1
53,729783.0,297189.0,9,2,689.0,0.158,Business Owner,0,0
26,872696.0,138664.0,10,0,626.0,0.019,Salaried,1,0
27,601020.0,20000.0,20,2,727.0,0.137,Business Owner,1,0
21,669838.0,569187.0,10,4,701.0,0.341,Salaried,0,0
52,644626.0,337557.0,17,3,644.0,0.249,Self-Employed,1,0
31,799487.0,130900.0,6,4,624.0,0.22,Salaried,1,1
40,965669.0,256009.0,0,1,736.0,0.073,Salaried,0,0
62,426683.0,450040.0,4,2,670.0,0.314,Business Owner,1,1
63,604708.0,80343.0,20,1,775.0,0.082,Salaried,0,0
56,623899.0,641091.0,19,3,749.0,0.316,Salaried,2,1
22,765563.0,265349.0,11,1,583.0,0.094,Salaried,0,0
39,968054.0,247671.0,24,2,511.0,0.113,Salaried,0,0
63,630585.0,494200.0,10,1,683.0,0.157,Salaried,0,0
54,681673.0,333682.0,16,1,625.0,0.117,Salaried,1,0
23,886072.0,152712.0,14,3,596.0,0.156,Salaried,1,0
60,357492.0,439105.0,15,1,622.0,0.259,Business Owner,1,1
32,462987.0,369402.0,16,0,795.0,0.096,Salaried,2,0
34,533939.0,470250.0,4,2,662.0,0.256,Salaried,2,0
24,632526.0,164315.0,4,1,831.0,0.094,Self-Employed,0,0
59,685270.0,133654.0,11,1,742.0,0.082,Business Owner,0,0
43,518542.0,395298.0,5,4,541.0,0.4,Salaried,0,0
32,1024130.0,236669.0,23,2,715.0,0.106,Salaried,1,0
28,476576.0,20000.0,24,3,799.0,0.257,Business Owner,2,0
35,588707.0,213885.0,24,2,537.0,0.179,Self-Employed,0,1
39,875641.0,395087.0,1,3,578.0,0.191,Business Owner,1,0
22,805716.0,192761.0,1,2,671.0,0.128,Salaried,0,0
23,630390.0,492305.0,14,4,636.0,0.348,Salaried,1,1
28,717206.0,225741.0,21,0,815.0,0.038,Business Owner,0,0
50,815669.0,286424.0,9,1,611.0,0.091,Business Owner,1,0
45,630403.0,57982.0,5,3,816.0,0.201,Salaried,0,0
64,777650.0,181079.0,16,1,568.0,0.079,Salaried,1,0
22,428547.0,272509.0,23,3,611.0,0.356,Salaried,1,1
22,648502.0,386908.0,18,0,706.0,0.072,Self-Employed,0,0
45,266430.0,328391.0,5,4,722.0,0.748,Salaried,1,1
24,433231.0,459178.0,0,0,692.0,0.127,Salaried,0,0
28,377288.0,20000.0,19,0,809.0,0.006,Salaried,0,0
61,910502.0,303843.0,10,0,826.0,0.04,Salaried,2,0
53,528139.0,278375.0,23,2,839.0,0.215,Self-Employed,0,0
44,697744.0,143782.0,7,0,673.0,0.025,Business Owner,0,1
26,424746.0,293739.0,1,3,751.0,0.366,Self-Employed,0,0
48,585521.0,188468.0,2,0,659.0,0.039,Business Owner,0,0
30,568199.0,364101.0,0,3,796.0,0.288,Salaried,0,1
61,439280.0,248193.0,16,2,495.0,0.25,Business Owner,1,0
32,821484.0,375732.0,13,2,629.0,0.152,Business Owner,0,0
22,258641.0,163734.0,11,1,664.0,0.231,Salaried,0,0
46,769285.0,490040.0,10,2,642.0,0.18,Salaried,0,1
35,1222816.0,359550.0,21,2,809.0,0.101,Salaried,0,0
56,445543.0,567120.0,23,4,569.0,0.512,Self-Employed,0,0
37,635260.0,279843.0,1,4,615.0,0.305,Salaried,0,1
54,279809.0,224831.0,7,2,585.0,0.382,Business Owner,1,1
52,621356.0,320352.0,2,1,678.0,0.126,Business Owner,2,0
53,238921.0,230008.0,0,4,608.0,0.785,Salaried,1,1
48,766325.0,144119.0,17,2,757.0,0.127,Business Owner,1,0
50,515316.0,302259.0,21,2,753.0,0.226,Business Owner,0,0
54,211918.0,290174.0,2,1,511.0,0.353,Salaried,0,1
44,334567.0,202488.0,15,1,510.0,0.192,Salaried,0,1
50,268357.0,242389.0,9,3,747.0,0.556,Business Owner,0,1
36,558784.0,153969.0,12,1,712.0,0.105,Salaried,2,0
56,812752.0,321673.0,22,4,553.0,0.244,Business Owner,0,1
28,532206.0,98379.0,15,3,678.0,0.248,Business Owner,1,0
22,356903.0,554528.0,16,4,581.0,0.635,Salaried,1,0
59,432614.0,304631.0,22,2,745.0,0.269,Business Owner,0,1
57,645155.0,441665.0,16,0,575.0,0.082,Salaried,0,0
39,150000.0,119576.0,6,3,631.0,0.896,Salaried,0,1
45,748496.0,351719.0,4,2,719.0,0.163,Self-Employed,0,0
49,707227.0,280041.0,6,3,685.0,0.217,Salaried,1,1
26,150000.0,447576.0,3,4,765.0,1.425,Salaried,0,1
24,880019.0,431027.0,24,2,714.0,0.15,Self-Employed,0,0
44,247760.0,53986.0,21,4,561.0,0.672,Salaried,0,1
36,565315.0,472645.0,12,3,700.0,0.313,Salaried,0,1
38,877197.0,75740.0,0,3,590.0,0.147,Salaried,1,0
25,245296.0,501405.0,0,1,797.0,0.408,Self-Employed,1,0
29,197361.0,292083.0,19,4,808.0,0.988,Salaried,0,1
36,360105.0,120234.0,19,1,772.0,0.151,Salaried,0,0
60,367649.0,406168.0,23,4,857.0,0.568,Salaried,1,0
53,579231.0,305862.0,14,3,745.0,0.271,Salaried,0,0
64,491998.0,151004.0,7,0,799.0,0.037,Salaried,1,0
36,498064.0,188910.0,1,0,757.0,0.046,Business Owner,0,0
44,501044.0,371855.0,21,2,752.0,0.249,Self-Employed,0,1
51,568099.0,93934.0,9,0,751.0,0.02,Business Owner,1,0
43,416880.0,170426.0,22,2,705.0,0.241,Business Owner,0,0
26,682321.0,578715.0,14,0,826.0,0.102,Self-Employed,1,0
49,608049.0,184521.0,12,3,593.0,0.234,Business Owner,2,0
37,380159.0,355759.0,21,1,555.0,0.218,Business Owner,1,0
48,1018231.0,367334.0,18,0,619.0,0.043,Self-Employed,2,1
39,323196.0,444643.0,16,0,808.0,0.165,Business Owner,3,0
51,774052.0,432436.0,2,4,659.0,0.274,Business Owner,0,0
43,441560.0,20000.0,15,0,615.0,0.005,Salaried,0,1
26,690284.0,227090.0,5,3,613.0,0.213,Business Owner,1,0
31,726872.0,478352.0,18,3,718.0,0.244,Business Owner,1,0
43,803281.0,181044.0,5,0,676.0,0.027,Salaried,1,0
51,929482.0,574550.0,10,0,777.0,0.074,Self-Employed,0,0
30,421576.0,337649.0,23,4,655.0,0.476,Business Owner,0,1
59,1253184.0,116304.0,20,2,754.0,0.075,Business Owner,0,0
33,702636.0,385441.0,15,1,611.0,0.123,Salaried,0,0
56,429569.0,593368.0,18,2,724.0,0.352,Salaried,1,0
63,307621.0,199197.0,7,3,900.0,0.468,Self-Employed,0,0
22,1139994.0,384477.0,2,4,665.0,0.181,Self-Employed,1,0
64,983238.0,167090.0,2,2,671.0,0.102,Self-Employed,1,0
42,610303.0,212184.0,18,1,759.0,0.107,Self-Employed,1,0
38,785762.0,317643.0,4,4,602.0,0.252,Self-Employed,0,1
36,910826.0,377836.0,22,0,644.0,0.05,Self-Employed,0,1
64,637636.0,353649.0,11,1,637.0,0.129,Self-Employed,2,0
46,520549.0,332334.0,23,4,701.0,0.384,Business Owner,0,0
37,608142.0,663679.0,4,2,571.0,0.263,Salaried,0,0
24,804876.0,137106.0,11,0,796.0,0.02,Salaried,1,0
44,621322.0,20000.0,13,1,692.0,0.068,Salaried,0,0
53,340126.0,385089.0,3,3,696.0,0.489,Salaried,1,1
58,786410.0,328932.0,24,4,668.0,0.254,Salaried,0,0
39,228604.0,83877.0,14,0,678.0,0.044,Salaried,1,1
37,448113.0,560932.0,19,4,496.0,0.507,Salaried,1,0
62,895418.0,194798.0,2,0,784.0,0.026,Self-Employed,1,0
29,670440.0,87827.0,22,4,611.0,0.254,Salaried,0,1
21,669494.0,364351.0,14,4,747.0,0.304,Self-Employed,0,0
39,640896.0,397612.0,1,4,669.0,0.324,Salaried,0,1
39,849053.0,656520.0,18,3,665.0,0.234,Salaried,1,0
21,605476.0,68893.0,9,0,721.0,0.014,Salaried,2,0
42,178184.0,108240.0,14,0,816.0,0.073,Salaried,2,0
40,671916.0,259323.0,20,3,674.0,0.225,Business Owner,0,0
57,150000.0,234594.0,17,1,635.0,0.454,Salaried,1,0
22,155324.0,289653.0,23,4,719.0,1.254,Self-Employed,1,1
54,972692.0,193640.0,18,3,483.0,0.147,Salaried,0,1
22,850292.0,65298.0,22,3,612.0,0.15,Self-Employed,2,0
29,511989.0,233193.0,11,0,602.0,0.055,Salaried,0,1
61,599419.0,407986.0,3,0,652.0,0.082,Salaried,0,0
34,635478.0,420240.0,6,4,571.0,0.331,Salaried,0,0
49,841579.0,201554.0,12,3,749.0,0.171,Self-Employed,1,0
53,442242.0,382261.0,19,0,656.0,0.104,Salaried,0,1
39,417835.0,363463.0,22,2,692.0,0.296,Salaried,0,0
39,474625.0,226320.0,12,2,682.0,0.226,Salaried,1,1
39,646980.0,247893.0,7,4,656.0,0.293,Self-Employed,0,0
32,675182.0,307966.0,17,0,628.0,0.055,Self-Employed,2,0
42,527099.0,724154.0,14,3,785.0,0.393,Business Owner,1,1
61,786737.0,325998.0,9,2,748.0,0.151,Business Owner,1,0
31,385655.0,166553.0,23,1,801.0,0.156,Salaried,0,0
58,598497.0,276921.0,22,0,668.0,0.056,Self-Employed,0,0
40,459951.0,216769.0,22,1,703.0,0.144,Salaried,2,0
36,389244.0,473547.0,9,0,710.0,0.146,Salaried,2,0
56,891709.0,20000.0,1,1,655.0,0.048,Salaried,1,1
45,543826.0,135494.0,15,1,678.0,0.103,Salaried,1,0
48,389252.0,426937.0,6,4,551.0,0.543,Salaried,0,1
61,624696.0,364628.0,15,3,586.0,0.262,Salaried,1,1
64,390253.0,305632.0,2,4,607.0,0.504,Self-Employed,1,1
30,749838.0,410369.0,13,2,589.0,0.172,Self-Employed,0,0
48,806929.0,100164.0,5,1,716.0,0.064,Self-Employed,1,0
61,846520.0,356671.0,19,2,710.0,0.145,Salaried,2,0
24,377632.0,128645.0,22,3,714.0,0.359,Salaried,1,1
59,582863.0,106904.0,6,2,660.0,0.159,Business Owner,0,0
33,1030766.0,376992.0,3,2,762.0,0.122,Business Owner,1,0
52,567706.0,180554.0,1,2,755.0,0.179,Salaried,1,0
30,900566.0,247278.0,21,4,727.0,0.211,Self-Employed,0,0
51,959429.0,396325.0,3,0,654.0,0.05,Business Owner,0,1
49,305558.0,143184.0,2,2,805.0,0.318,Salaried,0,0
51,888749.0,393987.0,10,2,586.0,0.143,Self-Employed,0,0
25,785741.0,642162.0,15,3,550.0,0.251,Self-Employed,0,0
44,813654.0,271519.0,17,0,576.0,0.04,Business Owner,0,0
34,996661.0,447314.0,13,2,778.0,0.134,Business Owner,0,0
46,720063.0,418845.0,3,0,689.0,0.07,Business Owner,2,0
63,634306.0,109823.0,21,2,634.0,0.147,Self-Employed,0,0
29,754125.0,94669.0,10,1,495.0,0.068,Salaried,1,0
46,539141.0,302560.0,15,4,663.0,0.364,Salaried,1,0
45,728207.0,20000.0,15,0,601.0,0.003,Salaried,1,1
27,164048.0,308651.0,7,4,513.0,1.201,Salaried,0,1
50,1005652.0,341346.0,5,0,768.0,0.041,Salaried,1,0
48,497169.0,373276.0,13,4,683.0,0.412,Salaried,0,0
42,738146.0,370453.0,16,2,792.0,0.169,Salaried,0,0
55,686774.0,504621.0,7,1,680.0,0.146,Salaried,0,0
50,640000.0,251948.0,16,0,726.0,0.047,Self-Employed,0,0
31,641616.0,507411.0,10,4,626.0,0.344,Salaried,0,1
41,631017.0,383174.0,5,4,731.0,0.326,Self-Employed,1,1
29,247789.0,382866.0,17,2,649.0,0.508,Self-Employed,0,1
56,493496.0,279332.0,22,4,730.0,0.392,Self-Employed,1,0
48,884908.0,448097.0,18,0,698.0,0.061,Salaried,0,0
52,386373.0,188871.0,23,3,593.0,0.369,Salaried,1,1
44,378929.0,413292.0,21,1,683.0,0.236,Business Owner,2,1
24,1091879.0,472727.0,23,1,695.0,0.089,Self-Employed,0,0
26,887646.0,201691.0,7,3,625.0,0.162,Self-Employed,1,0
54,967485.0,158781.0,5,3,672.0,0.144,Business Owner,1,0
47,613199.0,188340.0,0,0,756.0,0.037,Salaried,0,0
33,676458.0,297163.0,8,0,780.0,0.053,Salaried,0,0
47,787163.0,358455.0,6,1,687.0,0.105,Salaried,1,0
24,742180.0,436371.0,13,4,499.0,0.286,Salaried,2,1
37,595963.0,591199.0,13,0,742.0,0.119,Salaried,0,0
26,286661.0,549913.0,20,3,829.0,0.649,Salaried,0,0
42,450475.0,345070.0,3,0,663.0,0.092,Salaried,1,0
35,276257.0,244631.0,0,2,613.0,0.396,Salaried,0,0
58,968152.0,120444.0,1,1,706.0,0.056,Self-Employed,1,0
44,524104.0,428694.0,6,2,699.0,0.251,Business Owner,1,0
64,573149.0,382164.0,1,4,752.0,0.359,Salaried,1,0
35,677165.0,261092.0,16,1,631.0,0.105,Salaried,0,0
59,616825.0,278481.0,10,0,822.0,0.054,Salaried,0,0
29,731247.0,285750.0,5,4,755.0,0.266,Salaried,0,0
51,472443.0,20000.0,17,3,600.0,0.259,Salaried,1,1
54,270071.0,294968.0,5,3,765.0,0.575,Business Owner,0,0
62,1005016.0,353053.0,10,0,672.0,0.042,Business Owner,3,0
37,451684.0,284708.0,24,0,737.0,0.076,Business Owner,1,0
54,504522.0,142023.0,11,4,711.0,0.351,Salaried,0,1
59,432423.0,310531.0,15,0,686.0,0.086,Business Owner,2,1
39,487607.0,376316.0,5,4,707.0,0.421,Self-Employed,0,0
31,614748.0,576925.0,17,3,648.0,0.308,Business Owner,3,1
46,777615.0,464423.0,15,0,623.0,0.072,Salaried,0,0
51,373709.0,393605.0,2,1,663.0,0.233,Salaried,2,1
26,674348.0,295668.0,11,3,659.0,0.231,Salaried,0,0
36,458325.0,100303.0,7,2,713.0,0.201,Salaried,0,1
46,878035.0,232245.0,14,4,697.0,0.214,Business Owner,0,0
58,333023.0,95875.0,3,3,552.0,0.395,Self-Employed,0,1
35,630952.0,287913.0,15,1,749.0,0.118,Salaried,2,0
49,767982.0,465442.0,6,1,678.0,0.125,Salaried,1,0
53,303915.0,462737.0,21,1,751.0,0.314,Salaried,0,1
50,632341.0,441118.0,3,3,736.0,0.273,Self-Employed,0,1
29,640226.0,306791.0,17,2,704.0,0.182,Self-Employed,2,0
25,428909.0,454213.0,2,3,727.0,0.407,Salaried,3,1
28,558697.0,262288.0,7,1,567.0,0.128,Self-Employed,0,0
54,828187.0,20000.0,19,0,806.0,0.003,Salaried,1,0
44,661519.0,324488.0,13,0,837.0,0.059,Salaried,1,1
36,513976.0,309371.0,6,2,733.0,0.228,Salaried,0,0
22,559814.0,38877.0,8,4,641.0,0.294,Salaried,0,1
53,705925.0,223052.0,22,4,738.0,0.265,Self-Employed,2,0
40,889009.0,20000.0,21,1,655.0,0.048,Self-Employed,0,0
58,783137.0,231154.0,0,3,813.0,0.189,Salaried,2,0
42,768591.0,487414.0,5,2,647.0,0.18,Salaried,0,0
26,954147.0,205430.0,8,1,590.0,0.068,Salaried,0,0
56,261272.0,503120.0,3,2,616.0,0.537,Self-Employed,2,0
21,285217.0,338121.0,7,1,623.0,0.283,Self-Employed,1,1
38,150000.0,190954.0,1,4,740.0,1.219,Salaried,0,1
54,790061.0,33685.0,10,4,679.0,0.208,Salaried,1,0
41,150000.0,417547.0,17,4,705.0,1.401,Salaried,0,1
63,594306.0,404630.0,14,3,655.0,0.284,Salaried,1,1
46,771522.0,77647.0,5,4,788.0,0.219,Salaried,2,0
60,293278.0,239313.0,12,1,684.0,0.234,Business Owner,0,1
58,456564.0,471653.0,17,1,700.0,0.212,Business Owner,1,1
40,544800.0,189995.0,8,2,809.0,0.189,Salaried,2,0
